code,start,end,label
157B025010006,2025-06-16 01:00:00,2025-06-16 01:00:00,anomaly
157B025010006,2025-06-17 00:00:00,2025-06-17 00:00:00,anomaly
157B025010006,2025-06-18 00:00:00,2025-06-18 00:00:00,anomaly
157B025010006,2025-06-15 23:00:00,2025-06-15 23:00:00,anomaly
157B025010006,2025-06-17 19:00:00,2025-06-17 21:00:00,drain
157B025010006,2025-06-19 01:00:00,2025-06-19 01:00:00,anomaly
157B025010006,2025-06-19 04:00:00,2025-06-19 04:00:00,anomaly
157B025010006,2025-06-25 00:00:00,2025-06-25 01:00:00,anomaly
157B025010006,2025-06-26 03:00:00,2025-06-26 03:00:00,anomaly
157B025010006,2025-06-27 00:00:00,2025-06-27 00:00:00,anomaly
157B025010006,2025-06-29 00:00:00,2025-06-29 01:00:00,anomaly
157B025010006,2025-06-28 16:00:00,2025-06-28 23:00:00,anomaly
157B025010006,2025-06-30 08:00:00,2025-06-30 10:00:00,drain
157B025010006,2025-07-02 13:00:00,2025-07-02 20:00:00,drain
157B025010006,2025-07-03 23:00:00,2025-07-03 23:00:00,anomaly
157B025010006,2025-07-04 23:00:00,2025-07-04 23:00:00,anomaly
157B025010006,2025-07-05 23:00:00,2025-07-05 23:00:00,anomaly
157B025010006,2025-07-06 23:00:00,2025-07-07 00:00:00,anomaly
157B025010006,2025-07-08 00:00:00,2025-07-08 00:00:00,anomaly
157B025010006,2025-07-09 01:00:00,2025-07-09 01:00:00,anomaly
157B025010006,2025-07-06 06:00:00,2025-07-06 08:00:00,drain
157B025010006,2025-07-10 08:00:00,2025-07-10 10:00:00,drain
157B025010006,2025-07-11 02:00:00,2025-07-11 02:00:00,anomaly
157B025010006,2025-07-11 23:00:00,2025-07-11 23:00:00,anomaly
157B025010006,2025-07-13 22:00:00,2025-07-13 23:00:00,anomaly
157B025010006,2025-07-14 23:00:00,2025-07-14 23:00:00,anomaly
157B025010006,2025-07-18 22:00:00,2025-07-18 23:00:00,anomaly
157B025010006,2025-07-19 03:00:00,2025-07-19 03:00:00,anomaly
157B025010006,2025-07-11 11:00:00,2025-07-11 11:00:00,anomaly
157B025010006,2025-07-11 15:00:00,2025-07-11 17:00:00,anomaly
157B025010006,2025-07-11 21:00:00,2025-07-11 22:00:00,anomaly
157B025010006,2025-07-12 04:00:00,2025-07-12 08:00:00,anomaly
157B025010006,2025-07-12 23:00:00,2025-07-13 03:00:00,anomaly
157B025010006,2025-07-18 19:00:00,2025-07-18 21:00:00,anomaly
157B025010006,2025-07-16 08:00:00,2025-07-16 10:00:00,drain
157B025010006,2025-08-07 08:00:00,2025-08-07 10:00:00,drain
157B025010006,2025-08-15 22:00:00,2025-08-15 23:00:00,anomaly
157B025010006,2025-08-22 22:00:00,2025-08-22 22:00:00,anomaly
157B025010006,2025-08-23 00:00:00,2025-08-23 00:00:00,anomaly
157B025010006,2025-08-28 22:00:00,2025-08-28 23:00:00,anomaly
157B025010006,2025-08-28 07:00:00,2025-08-28 13:00:00,drain
157B025010006,2025-08-29 06:00:00,2025-08-29 10:00:00,drain
157B025010006,2025-09-04 14:00:00,2025-09-04 15:00:00,anomaly
157B025010006,2025-09-05 17:00:00,2025-09-06 15:00:00,anomaly
157B025010006,2025-09-10 03:00:00,2025-09-10 03:00:00,anomaly
157B025010006,2025-09-09 11:00:00,2025-09-10 02:00:00,anomaly
157B025010006,2025-09-14 07:00:00,2025-09-14 08:00:00,anomaly
157B025010006,2025-09-12 03:00:00,2025-09-12 07:00:00,drain
157B025010017,2025-06-17 01:00:00,2025-06-17 01:00:00,anomaly
157B025010017,2025-06-17 03:00:00,2025-06-17 03:00:00,anomaly
157B025010017,2025-06-18 23:00:00,2025-06-18 23:00:00,anomaly
157B025010017,2025-06-26 05:00:00,2025-06-26 05:00:00,anomaly
157B025010017,2025-06-28 23:00:00,2025-06-28 23:00:00,anomaly
157B025010017,2025-06-29 02:00:00,2025-06-29 02:00:00,anomaly
157B025010017,2025-07-01 03:00:00,2025-07-01 03:00:00,anomaly
157B025010017,2025-06-21 16:00:00,2025-06-22 06:00:00,drain
157B025010017,2025-07-10 04:00:00,2025-07-10 04:00:00,anomaly
157B025010017,2025-07-11 02:00:00,2025-07-11 02:00:00,anomaly
157B025010017,2025-07-13 22:00:00,2025-07-14 00:00:00,anomaly
157B025010017,2025-07-14 23:00:00,2025-07-14 23:00:00,anomaly
157B025010017,2025-07-19 07:00:00,2025-07-19 07:00:00,anomaly
157B025010017,2025-07-05 10:00:00,2025-07-05 14:00:00,drain
157B025010017,2025-07-11 21:00:00,2025-07-12 06:00:00,drain
157B025010017,2025-07-18 03:00:00,2025-07-18 05:00:00,drain
157B025010017,2025-07-24 22:00:00,2025-07-26 15:00:00,anomaly
157B025010017,2025-07-31 10:00:00,2025-07-31 14:00:00,drain
157B025010017,2025-08-08 05:00:00,2025-08-08 05:00:00,anomaly
157B025010017,2025-08-08 23:00:00,2025-08-08 23:00:00,anomaly
157B025010017,2025-08-09 05:00:00,2025-08-09 05:00:00,anomaly
157B025010017,2025-08-08 01:00:00,2025-08-08 03:00:00,drain
157B025010017,2025-08-16 03:00:00,2025-08-16 03:00:00,anomaly
157B025010017,2025-09-05 04:00:00,2025-09-05 04:00:00,anomaly
157B025010017,2025-09-10 03:00:00,2025-09-10 04:00:00,anomaly
157B025010017,2025-09-09 19:00:00,2025-09-10 03:00:00,anomaly
157B025010017,2025-09-10 23:00:00,2025-09-10 23:00:00,anomaly
157B025010025,2025-06-17 03:00:00,2025-06-17 03:00:00,anomaly
157B025010025,2025-06-21 00:00:00,2025-06-21 00:00:00,anomaly
157B025010025,2025-06-23 23:00:00,2025-06-23 23:00:00,anomaly
157B025010025,2025-06-25 23:00:00,2025-06-25 23:00:00,anomaly
157B025010025,2025-06-26 01:00:00,2025-06-26 02:00:00,anomaly
157B025010025,2025-06-27 01:00:00,2025-06-27 02:00:00,anomaly
157B025010025,2025-06-29 00:00:00,2025-06-29 00:00:00,anomaly
157B025010025,2025-06-29 02:00:00,2025-06-29 02:00:00,anomaly
157B025010025,2025-07-02 03:00:00,2025-07-02 04:00:00,anomaly
157B025010025,2025-06-30 18:00:00,2025-06-30 23:00:00,drain
157B025010025,2025-07-05 02:00:00,2025-07-05 02:00:00,anomaly
157B025010025,2025-07-08 00:00:00,2025-07-08 00:00:00,anomaly
157B025010025,2025-07-14 03:00:00,2025-07-14 03:00:00,anomaly
157B025010025,2025-07-15 05:00:00,2025-07-15 05:00:00,anomaly
157B025010025,2025-07-25 23:00:00,2025-07-25 23:00:00,anomaly
157B025010025,2025-07-28 00:00:00,2025-07-28 01:00:00,anomaly
157B025010025,2025-07-30 22:00:00,2025-07-30 22:00:00,anomaly
157B025010025,2025-08-03 04:00:00,2025-08-03 04:00:00,anomaly
157B025010025,2025-08-03 22:00:00,2025-08-03 22:00:00,anomaly
157B025010025,2025-08-11 23:00:00,2025-08-11 23:00:00,anomaly
157B025010025,2025-08-17 03:00:00,2025-08-17 03:00:00,anomaly
157B025010025,2025-08-17 23:00:00,2025-08-17 23:00:00,anomaly
157B025010025,2025-08-18 03:00:00,2025-08-18 05:00:00,anomaly
157B025010025,2025-08-21 01:00:00,2025-08-21 01:00:00,anomaly
157B025010025,2025-08-22 23:00:00,2025-08-23 01:00:00,anomaly
157B025010025,2025-08-23 03:00:00,2025-08-23 03:00:00,anomaly
157B025010025,2025-08-24 04:00:00,2025-08-24 05:00:00,anomaly
157B025010025,2025-08-25 00:00:00,2025-08-25 00:00:00,anomaly
157B025010025,2025-09-06 01:00:00,2025-09-06 01:00:00,anomaly
157B025010025,2025-09-07 22:00:00,2025-09-07 22:00:00,anomaly
157B025010025,2025-07-25 19:00:00,2025-07-25 22:00:00,drain
157B025010025,2025-07-28 08:00:00,2025-07-28 13:00:00,drain
157B025010025,2025-09-11 23:00:00,2025-09-12 02:00:00,drain
157B025010028,2025-06-17 06:00:00,2025-06-17 14:00:00,drain
157B025010028,2025-06-21 23:00:00,2025-06-21 23:00:00,anomaly
157B025010028,2025-06-27 03:00:00,2025-06-27 03:00:00,anomaly
157B025010028,2025-06-28 04:00:00,2025-06-28 04:00:00,anomaly
157B025010028,2025-06-26 13:00:00,2025-06-26 17:00:00,drain
157B025010028,2025-07-01 07:00:00,2025-07-01 17:00:00,drain
157B025010028,2025-07-04 23:00:00,2025-07-04 23:00:00,anomaly
157B025010028,2025-07-10 00:00:00,2025-07-10 00:00:00,anomaly
157B025010028,2025-07-14 23:00:00,2025-07-14 23:00:00,anomaly
157B025010028,2025-07-23 00:00:00,2025-07-23 00:00:00,anomaly
157B025010028,2025-07-23 23:00:00,2025-07-23 23:00:00,anomaly
157B025010028,2025-07-25 17:00:00,2025-07-25 19:00:00,anomaly
157B025010028,2025-07-09 09:00:00,2025-07-09 12:00:00,drain
157B025010028,2025-07-21 06:00:00,2025-07-21 11:00:00,drain
157B025010028,2025-07-25 06:00:00,2025-07-25 10:00:00,drain
157B025010028,2025-07-27 00:00:00,2025-07-27 00:00:00,anomaly
157B025010028,2025-07-28 01:00:00,2025-07-28 02:00:00,anomaly
157B025010028,2025-07-28 23:00:00,2025-07-29 00:00:00,anomaly
157B025010028,2025-07-29 23:00:00,2025-07-29 23:00:00,anomaly
157B025010028,2025-07-31 04:00:00,2025-07-31 04:00:00,anomaly
157B025010028,2025-08-06 01:00:00,2025-08-06 05:00:00,anomaly
157B025010028,2025-08-12 05:00:00,2025-08-12 05:00:00,anomaly
157B025010028,2025-08-16 23:00:00,2025-08-17 01:00:00,anomaly
157B025010028,2025-08-22 05:00:00,2025-08-22 05:00:00,anomaly
157B025010028,2025-08-27 03:00:00,2025-08-27 03:00:00,anomaly
157B025010028,2025-08-29 04:00:00,2025-08-29 04:00:00,anomaly
157B025010028,2025-09-01 05:00:00,2025-09-01 05:00:00,anomaly
157B025010028,2025-09-03 05:00:00,2025-09-03 05:00:00,anomaly
157B025010028,2025-09-06 04:00:00,2025-09-06 05:00:00,anomaly
157B025010028,2025-09-10 03:00:00,2025-09-10 03:00:00,anomaly
157B025010028,2025-08-17 08:00:00,2025-08-17 12:00:00,drain
157B025010028,2025-08-20 10:00:00,2025-08-20 14:00:00,drain
157B025010028,2025-08-25 03:00:00,2025-08-25 06:00:00,drain
157B025010028,2025-09-12 00:00:00,2025-09-12 02:00:00,drain
157B025010050,2025-06-16 03:00:00,2025-06-16 04:00:00,anomaly
157B025010050,2025-07-05 00:00:00,2025-07-05 02:00:00,anomaly
157B025010050,2025-07-08 01:00:00,2025-07-08 02:00:00,anomaly
157B025010050,2025-07-09 04:00:00,2025-07-09 04:00:00,anomaly
157B025010050,2025-07-12 22:00:00,2025-07-12 22:00:00,anomaly
157B025010050,2025-07-15 02:00:00,2025-07-15 02:00:00,anomaly
157B025010050,2025-07-15 04:00:00,2025-07-15 04:00:00,anomaly
157B025010050,2025-07-26 23:00:00,2025-07-27 00:00:00,anomaly
157B025010050,2025-07-09 05:00:00,2025-07-09 06:00:00,anomaly
157B025010050,2025-07-09 08:00:00,2025-07-11 18:00:00,anomaly
157B025010050,2025-07-11 20:00:00,2025-07-12 21:00:00,anomaly
157B025010050,2025-07-12 23:00:00,2025-07-14 07:00:00,anomaly
157B025010050,2025-07-14 10:00:00,2025-07-14 10:00:00,anomaly
157B025010050,2025-07-16 02:00:00,2025-07-16 03:00:00,anomaly
157B025010050,2025-07-16 05:00:00,2025-07-16 06:00:00,anomaly
157B025010050,2025-07-16 08:00:00,2025-07-16 08:00:00,anomaly
157B025010050,2025-07-07 09:00:00,2025-07-07 20:00:00,drain
157B025010050,2025-07-08 08:00:00,2025-07-08 15:00:00,drain
157B025010050,2025-07-26 00:00:00,2025-07-26 07:00:00,drain
157B025010050,2025-07-26 13:00:00,2025-07-26 22:00:00,drain
157B025010050,2025-07-29 03:00:00,2025-07-29 03:00:00,anomaly
157B025010050,2025-07-30 22:00:00,2025-07-30 22:00:00,anomaly
157B025010050,2025-07-31 04:00:00,2025-07-31 04:00:00,anomaly
157B025010050,2025-07-31 22:00:00,2025-07-31 23:00:00,anomaly
157B025010050,2025-08-02 23:00:00,2025-08-02 23:00:00,anomaly
157B025010050,2025-08-03 02:00:00,2025-08-03 04:00:00,anomaly
157B025010050,2025-08-04 01:00:00,2025-08-04 01:00:00,anomaly
157B025010050,2025-08-24 01:00:00,2025-08-24 01:00:00,anomaly
157B025010050,2025-09-03 00:00:00,2025-09-03 00:00:00,anomaly
157B025010050,2025-09-02 23:00:00,2025-09-02 23:00:00,anomaly
157B025010050,2025-09-04 03:00:00,2025-09-04 03:00:00,anomaly
157B025010050,2025-09-05 12:00:00,2025-09-05 12:00:00,anomaly
157B025010050,2025-08-01 08:00:00,2025-08-01 10:00:00,drain
157B025010050,2025-08-01 21:00:00,2025-08-02 03:00:00,drain
157B025010050,2025-08-02 12:00:00,2025-08-02 14:00:00,drain
157B025010050,2025-08-03 14:00:00,2025-08-03 18:00:00,drain
157B025010050,2025-09-02 07:00:00,2025-09-02 12:00:00,drain
157B025010050,2025-09-06 02:00:00,2025-09-06 02:00:00,anomaly
157B025010050,2025-09-06 04:00:00,2025-09-06 05:00:00,anomaly
157B025010050,2025-09-07 00:00:00,2025-09-07 00:00:00,anomaly
157B025010050,2025-09-07 02:00:00,2025-09-07 02:00:00,anomaly
157B025010050,2025-09-07 23:00:00,2025-09-08 01:00:00,anomaly
157B025010050,2025-09-10 03:00:00,2025-09-10 03:00:00,anomaly
157B025010050,2025-09-11 23:00:00,2025-09-11 23:00:00,anomaly
157B025010050,2025-09-12 03:00:00,2025-09-12 03:00:00,anomaly
157B025010050,2025-09-12 05:00:00,2025-09-12 05:00:00,anomaly
157B025010050,2025-09-15 13:00:00,2025-09-15 13:00:00,anomaly
157B025010050,2025-09-06 20:00:00,2025-09-06 23:00:00,drain
157B025010050,2025-09-07 13:00:00,2025-09-07 17:00:00,drain
157B025010050,2025-09-07 20:00:00,2025-09-07 22:00:00,drain
157B025010050,2025-09-11 13:00:00,2025-09-11 17:00:00,drain
157B025010050,2025-09-15 23:00:00,2025-09-16 06:00:00,drain
157B025010054,2025-06-16 01:00:00,2025-06-16 01:00:00,anomaly
157B025010054,2025-06-16 23:00:00,2025-06-16 23:00:00,anomaly
157B025010054,2025-06-19 01:00:00,2025-06-19 02:00:00,anomaly
157B025010054,2025-06-20 23:00:00,2025-06-21 01:00:00,anomaly
157B025010054,2025-06-25 01:00:00,2025-06-25 01:00:00,anomaly
157B025010054,2025-06-26 02:00:00,2025-06-26 02:00:00,anomaly
157B025010054,2025-06-27 00:00:00,2025-06-27 00:00:00,anomaly
157B025010054,2025-06-29 00:00:00,2025-06-29 00:00:00,anomaly
157B025010054,2025-06-29 03:00:00,2025-06-29 03:00:00,anomaly
157B025010054,2025-06-28 09:00:00,2025-06-28 12:00:00,drain
157B025010054,2025-06-30 23:00:00,2025-07-01 00:00:00,anomaly
157B025010054,2025-07-01 08:00:00,2025-07-01 10:00:00,anomaly
157B025010054,2025-07-04 22:00:00,2025-07-04 23:00:00,anomaly
157B025010054,2025-07-05 23:00:00,2025-07-05 23:00:00,anomaly
157B025010054,2025-07-07 00:00:00,2025-07-07 00:00:00,anomaly
157B025010054,2025-07-09 00:00:00,2025-07-09 01:00:00,anomaly
157B025010054,2025-07-11 23:00:00,2025-07-11 23:00:00,anomaly
157B025010054,2025-07-14 00:00:00,2025-07-14 00:00:00,anomaly
157B025010054,2025-07-14 23:00:00,2025-07-14 23:00:00,anomaly
157B025010054,2025-07-15 02:00:00,2025-07-15 02:00:00,anomaly
157B025010054,2025-07-18 22:00:00,2025-07-18 23:00:00,anomaly
157B025010054,2025-07-19 01:00:00,2025-07-19 01:00:00,anomaly
157B025010054,2025-07-19 04:00:00,2025-07-19 05:00:00,anomaly
157B025010054,2025-07-04 20:00:00,2025-07-04 21:00:00,anomaly
157B025010054,2025-07-08 10:00:00,2025-07-08 10:00:00,anomaly
157B025010054,2025-07-09 00:00:00,2025-07-09 00:00:00,anomaly
157B025010054,2025-07-09 17:00:00,2025-07-10 08:00:00,anomaly
157B025010054,2025-07-10 13:00:00,2025-07-11 09:00:00,anomaly
157B025010054,2025-07-11 11:00:00,2025-07-11 12:00:00,anomaly
157B025010054,2025-07-12 08:00:00,2025-07-12 14:00:00,anomaly
157B025010054,2025-07-13 00:00:00,2025-07-13 10:00:00,anomaly
157B025010054,2025-07-13 12:00:00,2025-07-13 12:00:00,anomaly
157B025010054,2025-07-14 08:00:00,2025-07-14 13:00:00,drain
157B025010054,2025-07-16 08:00:00,2025-07-16 10:00:00,drain
157B025010054,2025-07-24 14:00:00,2025-07-24 15:00:00,anomaly
157B025010054,2025-08-08 07:00:00,2025-08-08 08:00:00,anomaly
157B025010054,2025-08-07 07:00:00,2025-08-07 12:00:00,drain
157B025010054,2025-08-15 22:00:00,2025-08-15 23:00:00,anomaly
157B025010054,2025-08-14 21:00:00,2025-08-15 22:00:00,anomaly
157B025010054,2025-08-16 10:00:00,2025-08-16 15:00:00,anomaly
157B025010054,2025-08-21 22:00:00,2025-08-21 22:00:00,anomaly
157B025010054,2025-08-22 22:00:00,2025-08-22 22:00:00,anomaly
157B025010054,2025-08-23 08:00:00,2025-08-23 15:00:00,drain
157B025010054,2025-08-28 22:00:00,2025-08-28 23:00:00,anomaly
157B025010054,2025-08-28 16:00:00,2025-08-28 22:00:00,anomaly
157B025010054,2025-08-29 10:00:00,2025-08-30 07:00:00,anomaly
157B025010054,2025-08-30 10:00:00,2025-08-30 10:00:00,anomaly
157B025010054,2025-09-02 01:00:00,2025-09-02 02:00:00,anomaly
157B025010054,2025-09-02 06:00:00,2025-09-02 07:00:00,anomaly
157B025010054,2025-09-04 04:00:00,2025-09-04 14:00:00,anomaly
157B025010054,2025-09-05 05:00:00,2025-09-05 05:00:00,anomaly
157B025010054,2025-09-04 23:00:00,2025-09-05 05:00:00,anomaly
157B025010054,2025-09-05 16:00:00,2025-09-05 16:00:00,anomaly
157B025010054,2025-09-06 02:00:00,2025-09-06 11:00:00,anomaly
157B025010054,2025-09-11 06:00:00,2025-09-11 08:00:00,anomaly
157B025010054,2025-09-12 05:00:00,2025-09-12 05:00:00,anomaly
157B025030003,2025-06-21 00:00:00,2025-06-21 00:00:00,anomaly
157B025030003,2025-07-02 04:00:00,2025-07-02 05:00:00,anomaly
157B025030003,2025-07-04 23:00:00,2025-07-04 23:00:00,anomaly
157B025030003,2025-07-06 03:00:00,2025-07-06 03:00:00,anomaly
157B025030003,2025-07-06 23:00:00,2025-07-06 23:00:00,anomaly
157B025030003,2025-07-08 00:00:00,2025-07-08 00:00:00,anomaly
157B025030003,2025-07-10 00:00:00,2025-07-10 00:00:00,anomaly
157B025030003,2025-07-12 02:00:00,2025-07-12 02:00:00,anomaly
157B025030003,2025-07-14 00:00:00,2025-07-14 00:00:00,anomaly
157B025030003,2025-07-15 04:00:00,2025-07-15 04:00:00,anomaly
157B025030003,2025-07-15 23:00:00,2025-07-15 23:00:00,anomaly
157B025030003,2025-07-18 22:00:00,2025-07-18 23:00:00,anomaly
157B025030003,2025-07-22 23:00:00,2025-07-22 23:00:00,anomaly
157B025030003,2025-07-23 23:00:00,2025-07-23 23:00:00,anomaly
157B025030003,2025-07-26 23:00:00,2025-07-26 23:00:00,anomaly
157B025030003,2025-07-28 00:00:00,2025-07-28 00:00:00,anomaly
157B025030003,2025-07-28 23:00:00,2025-07-28 23:00:00,anomaly
157B025030003,2025-07-29 23:00:00,2025-07-29 23:00:00,anomaly
157B025030003,2025-07-30 22:00:00,2025-07-30 22:00:00,anomaly
157B025030003,2025-07-31 03:00:00,2025-07-31 03:00:00,anomaly
157B025030003,2025-08-06 02:00:00,2025-08-06 05:00:00,anomaly
157B025030003,2025-08-11 23:00:00,2025-08-11 23:00:00,anomaly
157B025030003,2025-08-12 05:00:00,2025-08-12 05:00:00,anomaly
157B025030003,2025-08-15 00:00:00,2025-08-15 00:00:00,anomaly
157B025030003,2025-08-16 23:00:00,2025-08-16 23:00:00,anomaly
157B025030003,2025-08-17 01:00:00,2025-08-17 02:00:00,anomaly
157B025030003,2025-08-22 22:00:00,2025-08-22 22:00:00,anomaly
157B025030003,2025-08-23 22:00:00,2025-08-23 22:00:00,anomaly
157B025030003,2025-08-24 23:00:00,2025-08-24 23:00:00,anomaly
157B025030003,2025-08-27 00:00:00,2025-08-27 00:00:00,anomaly
157B025030003,2025-08-28 00:00:00,2025-08-28 00:00:00,anomaly
157B025030003,2025-07-09 10:00:00,2025-07-09 12:00:00,drain
157B025030003,2025-07-15 13:00:00,2025-07-15 15:00:00,drain
157B025030003,2025-07-23 08:00:00,2025-07-23 13:00:00,drain
157B025030003,2025-07-26 13:00:00,2025-07-26 16:00:00,drain
157B025030003,2025-07-28 09:00:00,2025-07-28 11:00:00,drain
157B025030003,2025-07-29 08:00:00,2025-07-29 10:00:00,drain
157B025030003,2025-07-31 09:00:00,2025-07-31 13:00:00,drain
157B025030003,2025-08-15 08:00:00,2025-08-15 11:00:00,drain
157B025030003,2025-08-15 20:00:00,2025-08-15 22:00:00,drain
157B025030003,2025-08-23 08:00:00,2025-08-23 12:00:00,drain
157B025030003,2025-08-24 09:00:00,2025-08-24 11:00:00,drain
157B025030003,2025-08-25 09:00:00,2025-08-25 11:00:00,drain
157B025030003,2025-08-27 09:00:00,2025-08-27 12:00:00,drain
157B025030003,2025-09-06 06:00:00,2025-09-06 09:00:00,drain
157B025030003,2025-09-07 09:00:00,2025-09-07 11:00:00,drain
157B025030003,2025-09-08 02:00:00,2025-09-08 05:00:00,drain
157B025030003,2025-09-08 08:00:00,2025-09-08 10:00:00,drain
157B025030003,2025-09-09 23:00:00,2025-09-10 02:00:00,anomaly
157B025030003,2025-09-10 07:00:00,2025-09-10 11:00:00,drain
157B025030005,2025-06-16 02:00:00,2025-06-16 02:00:00,anomaly
157B025030005,2025-06-16 04:00:00,2025-06-16 05:00:00,anomaly
157B025030005,2025-06-15 04:00:00,2025-06-15 04:00:00,anomaly
157B025030005,2025-06-21 03:00:00,2025-06-21 03:00:00,anomaly
157B025030005,2025-06-27 01:00:00,2025-06-27 01:00:00,anomaly
157B025030005,2025-06-27 23:00:00,2025-06-27 23:00:00,anomaly
157B025030005,2025-07-01 22:00:00,2025-07-01 22:00:00,anomaly
157B025030005,2025-07-02 00:00:00,2025-07-02 00:00:00,anomaly
157B025030005,2025-07-02 03:00:00,2025-07-02 03:00:00,anomaly
157B025030005,2025-07-02 05:00:00,2025-07-02 05:00:00,anomaly
157B025030005,2025-06-19 17:00:00,2025-06-19 17:00:00,anomaly
157B025030005,2025-06-20 00:00:00,2025-06-20 02:00:00,drain
157B025030005,2025-06-22 01:00:00,2025-06-22 07:00:00,drain
157B025030005,2025-07-09 23:00:00,2025-07-09 23:00:00,anomaly
157B025030005,2025-07-12 01:00:00,2025-07-12 01:00:00,anomaly
157B025030005,2025-07-14 05:00:00,2025-07-14 05:00:00,anomaly
157B025030005,2025-07-14 22:00:00,2025-07-14 22:00:00,anomaly
157B025030005,2025-07-15 01:00:00,2025-07-15 01:00:00,anomaly
157B025030005,2025-07-15 04:00:00,2025-07-15 04:00:00,anomaly
157B025030005,2025-07-27 23:00:00,2025-07-27 23:00:00,anomaly
157B025030005,2025-07-30 22:00:00,2025-07-30 22:00:00,anomaly
157B025030005,2025-07-31 04:00:00,2025-07-31 04:00:00,anomaly
157B025030005,2025-08-04 00:00:00,2025-08-04 00:00:00,anomaly
157B025030005,2025-08-07 05:00:00,2025-08-07 05:00:00,anomaly
157B025030005,2025-08-12 22:00:00,2025-08-13 00:00:00,anomaly
157B025030005,2025-08-13 05:00:00,2025-08-13 05:00:00,anomaly
157B025030005,2025-08-15 01:00:00,2025-08-15 01:00:00,anomaly
157B025030005,2025-08-17 22:00:00,2025-08-17 23:00:00,anomaly
157B025030005,2025-08-19 02:00:00,2025-08-19 02:00:00,anomaly
157B025030005,2025-08-20 02:00:00,2025-08-20 02:00:00,anomaly
157B025030005,2025-08-21 02:00:00,2025-08-21 02:00:00,anomaly
157B025030005,2025-08-22 02:00:00,2025-08-22 03:00:00,anomaly
157B025030005,2025-08-24 03:00:00,2025-08-24 03:00:00,anomaly
157B025030005,2025-08-25 03:00:00,2025-08-25 03:00:00,anomaly
157B025030005,2025-08-26 04:00:00,2025-08-26 04:00:00,anomaly
157B025030005,2025-08-27 03:00:00,2025-08-27 03:00:00,anomaly
157B025030005,2025-08-28 03:00:00,2025-08-28 03:00:00,anomaly
157B025030005,2025-08-29 04:00:00,2025-08-29 04:00:00,anomaly
157B025030005,2025-08-30 05:00:00,2025-08-30 05:00:00,anomaly
157B025030005,2025-09-01 05:00:00,2025-09-01 05:00:00,anomaly
157B025030005,2025-09-07 05:00:00,2025-09-07 05:00:00,anomaly
157B025030005,2025-09-08 01:00:00,2025-09-08 02:00:00,anomaly
157B025030005,2025-07-11 04:00:00,2025-07-11 05:00:00,anomaly
157B025030005,2025-07-11 08:00:00,2025-07-11 08:00:00,anomaly
157B025030005,2025-07-11 10:00:00,2025-07-11 12:00:00,anomaly
157B025030005,2025-07-12 16:00:00,2025-07-14 00:00:00,anomaly
157B025030005,2025-07-21 10:00:00,2025-07-21 12:00:00,anomaly
157B025030005,2025-07-21 22:00:00,2025-07-21 22:00:00,anomaly
157B025030005,2025-07-22 05:00:00,2025-07-22 05:00:00,anomaly
157B025030005,2025-07-22 08:00:00,2025-07-22 08:00:00,anomaly
157B025030005,2025-07-22 10:00:00,2025-07-22 10:00:00,anomaly
157B025030005,2025-07-23 12:00:00,2025-07-23 12:00:00,anomaly
157B025030005,2025-07-23 16:00:00,2025-07-23 18:00:00,anomaly
157B025030005,2025-07-23 21:00:00,2025-07-23 21:00:00,anomaly
157B025030005,2025-07-23 23:00:00,2025-07-25 15:00:00,anomaly
157B025030005,2025-07-25 17:00:00,2025-07-25 17:00:00,anomaly
157B025030005,2025-08-07 01:00:00,2025-08-07 04:00:00,anomaly
157B025030005,2025-08-09 23:00:00,2025-08-10 13:00:00,anomaly
157B025030005,2025-08-11 00:00:00,2025-08-11 06:00:00,anomaly
157B025030005,2025-08-11 09:00:00,2025-08-12 21:00:00,anomaly
157B025030005,2025-08-17 09:00:00,2025-08-17 21:00:00,anomaly
157B025030005,2025-09-03 05:00:00,2025-09-04 00:00:00,anomaly
157B025030005,2025-09-04 05:00:00,2025-09-04 17:00:00,anomaly
157B025030005,2025-09-05 02:00:00,2025-09-06 17:00:00,anomaly
157B025030005,2025-09-09 13:00:00,2025-09-10 07:00:00,anomaly
157B025030005,2025-09-10 14:00:00,2025-09-11 21:00:00,anomaly
157B025030005,2025-09-12 00:00:00,2025-09-12 05:00:00,anomaly
157B025030005,2025-08-26 12:00:00,2025-08-26 14:00:00,drain
157B025030005,2025-08-29 10:00:00,2025-08-29 14:00:00,drain
157B025030005,2025-09-08 22:00:00,2025-09-09 02:00:00,drain
157B025030008,2025-06-15 22:00:00,2025-06-15 23:00:00,anomaly
157B025030008,2025-06-17 00:00:00,2025-06-17 01:00:00,anomaly
157B025030008,2025-06-18 01:00:00,2025-06-18 01:00:00,anomaly
157B025030008,2025-06-18 03:00:00,2025-06-18 03:00:00,anomaly
157B025030008,2025-06-20 02:00:00,2025-06-20 02:00:00,anomaly
157B025030008,2025-06-21 23:00:00,2025-06-21 23:00:00,anomaly
157B025030008,2025-06-15 05:00:00,2025-06-15 07:00:00,drain
157B025030008,2025-06-15 11:00:00,2025-06-15 14:00:00,drain
157B025030008,2025-06-18 14:00:00,2025-06-18 20:00:00,drain
157B025030008,2025-06-21 16:00:00,2025-06-21 20:00:00,drain
157B025030008,2025-06-24 19:00:00,2025-06-24 19:00:00,anomaly
157B025030008,2025-06-25 22:00:00,2025-06-26 03:00:00,drain
157B025030008,2025-06-26 23:00:00,2025-06-27 03:00:00,drain
157B025030008,2025-06-28 03:00:00,2025-06-28 05:00:00,anomaly
157B025030008,2025-06-30 03:00:00,2025-06-30 05:00:00,anomaly
157B025030008,2025-07-03 01:00:00,2025-07-03 02:00:00,anomaly
157B025030008,2025-07-05 03:00:00,2025-07-05 03:00:00,anomaly
157B025030008,2025-07-05 23:00:00,2025-07-06 02:00:00,anomaly
157B025030008,2025-07-07 02:00:00,2025-07-07 02:00:00,anomaly
157B025030008,2025-07-08 01:00:00,2025-07-08 01:00:00,anomaly
157B025030008,2025-07-08 03:00:00,2025-07-08 05:00:00,anomaly
157B025030008,2025-07-10 23:00:00,2025-07-11 01:00:00,anomaly
157B025030008,2025-07-13 22:00:00,2025-07-13 22:00:00,anomaly
157B025030008,2025-07-14 00:00:00,2025-07-14 01:00:00,anomaly
157B025030008,2025-07-19 00:00:00,2025-07-19 00:00:00,anomaly
157B025030008,2025-07-22 00:00:00,2025-07-22 00:00:00,anomaly
157B025030008,2025-07-18 22:00:00,2025-07-18 22:00:00,anomaly
157B025030008,2025-06-30 13:00:00,2025-06-30 17:00:00,drain
157B025030008,2025-07-01 14:00:00,2025-07-01 18:00:00,drain
157B025030008,2025-07-10 00:00:00,2025-07-10 08:00:00,drain
157B025030008,2025-07-11 22:00:00,2025-07-12 07:00:00,drain
157B025030008,2025-07-16 02:00:00,2025-07-16 06:00:00,drain
157B025030008,2025-07-20 14:00:00,2025-07-20 18:00:00,drain
157B025030008,2025-08-07 23:00:00,2025-08-08 00:00:00,anomaly
157B025030008,2025-08-07 12:00:00,2025-08-07 20:00:00,anomaly
157B025030008,2025-08-07 23:00:00,2025-08-07 23:00:00,anomaly
157B025030008,2025-08-08 07:00:00,2025-08-08 08:00:00,anomaly
157B025030008,2025-08-08 13:00:00,2025-08-08 23:00:00,anomaly
157B025030008,2025-08-09 10:00:00,2025-08-09 10:00:00,anomaly
157B025030008,2025-08-09 13:00:00,2025-08-09 15:00:00,anomaly
157B025030008,2025-08-15 01:00:00,2025-08-15 05:00:00,anomaly
157B025030008,2025-08-21 23:00:00,2025-08-22 00:00:00,anomaly
157B025030008,2025-08-23 00:00:00,2025-08-23 02:00:00,anomaly
157B025030008,2025-09-04 23:00:00,2025-09-05 01:00:00,anomaly
157B025030008,2025-09-04 11:00:00,2025-09-04 13:00:00,anomaly
157B025030008,2025-09-10 03:00:00,2025-09-10 03:00:00,anomaly
157B025030008,2025-09-11 02:00:00,2025-09-11 03:00:00,anomaly
157B025030008,2025-09-10 01:00:00,2025-09-10 02:00:00,anomaly
157B025030008,2025-09-10 08:00:00,2025-09-10 08:00:00,anomaly
157B025030008,2025-09-10 12:00:00,2025-09-10 20:00:00,anomaly
157B025030008,2025-09-11 00:00:00,2025-09-11 02:00:00,anomaly
157B025030008,2025-09-11 04:00:00,2025-09-12 06:00:00,anomaly
157B025030009,2025-06-16 00:00:00,2025-06-16 01:00:00,anomaly
157B025030009,2025-06-16 23:00:00,2025-06-17 00:00:00,anomaly
157B025030009,2025-06-18 00:00:00,2025-06-18 00:00:00,anomaly
157B025030009,2025-06-19 03:00:00,2025-06-19 03:00:00,anomaly
157B025030009,2025-06-23 03:00:00,2025-06-23 03:00:00,anomaly
157B025030009,2025-06-25 00:00:00,2025-06-25 00:00:00,anomaly
157B025030009,2025-06-27 02:00:00,2025-06-27 02:00:00,anomaly
157B025030009,2025-06-29 00:00:00,2025-06-29 05:00:00,anomaly
157B025030009,2025-07-04 03:00:00,2025-07-04 04:00:00,anomaly
157B025030009,2025-07-07 23:00:00,2025-07-08 00:00:00,anomaly
157B025030009,2025-07-08 03:00:00,2025-07-08 05:00:00,anomaly
157B025030009,2025-07-09 01:00:00,2025-07-09 01:00:00,anomaly
157B025030009,2025-07-11 01:00:00,2025-07-11 02:00:00,anomaly
157B025030009,2025-07-14 00:00:00,2025-07-14 00:00:00,anomaly
157B025030009,2025-07-15 04:00:00,2025-07-15 05:00:00,anomaly
157B025030009,2025-07-21 22:00:00,2025-07-21 22:00:00,anomaly
157B025030009,2025-07-27 23:00:00,2025-07-27 23:00:00,anomaly
157B025030009,2025-07-28 01:00:00,2025-07-28 01:00:00,anomaly
157B025030009,2025-07-28 23:00:00,2025-07-29 00:00:00,anomaly
157B025030009,2025-07-30 22:00:00,2025-07-30 22:00:00,anomaly
157B025030009,2025-07-31 03:00:00,2025-07-31 05:00:00,anomaly
157B025030009,2025-08-04 01:00:00,2025-08-04 01:00:00,anomaly
157B025030009,2025-08-05 23:00:00,2025-08-06 02:00:00,anomaly
157B025030009,2025-08-07 01:00:00,2025-08-07 01:00:00,anomaly
157B025030009,2025-08-09 23:00:00,2025-08-09 23:00:00,anomaly
157B025030009,2025-08-10 02:00:00,2025-08-10 02:00:00,anomaly
157B025030009,2025-08-12 00:00:00,2025-08-12 01:00:00,anomaly
157B025030009,2025-08-15 23:00:00,2025-08-15 23:00:00,anomaly
157B025030009,2025-08-16 22:00:00,2025-08-16 22:00:00,anomaly
157B025030009,2025-08-17 23:00:00,2025-08-17 23:00:00,anomaly
157B025030009,2025-08-19 23:00:00,2025-08-19 23:00:00,anomaly
157B025030009,2025-08-22 01:00:00,2025-08-22 01:00:00,anomaly
157B025030009,2025-08-22 22:00:00,2025-08-22 22:00:00,anomaly
157B025030009,2025-08-24 23:00:00,2025-08-24 23:00:00,anomaly
157B025030009,2025-08-26 23:00:00,2025-08-26 23:00:00,anomaly
157B025030009,2025-08-27 02:00:00,2025-08-27 02:00:00,anomaly
157B025030009,2025-08-27 04:00:00,2025-08-27 04:00:00,anomaly
157B025030009,2025-08-27 22:00:00,2025-08-27 22:00:00,anomaly
157B025030009,2025-09-07 00:00:00,2025-09-07 00:00:00,anomaly
157B025030009,2025-09-07 23:00:00,2025-09-07 23:00:00,anomaly
157B025030009,2025-09-10 03:00:00,2025-09-10 03:00:00,anomaly
157B025030009,2025-06-22 00:00:00,2025-06-22 06:00:00,drain
157B025030009,2025-06-28 10:00:00,2025-06-28 16:00:00,drain
157B025030009,2025-07-22 06:00:00,2025-07-22 08:00:00,drain
157B025030009,2025-07-22 10:00:00,2025-07-22 14:00:00,drain
157B025030009,2025-07-23 08:00:00,2025-07-23 10:00:00,drain
157B025030009,2025-07-28 17:00:00,2025-07-28 19:00:00,drain
157B025030009,2025-07-29 10:00:00,2025-07-29 23:00:00,drain
157B025030009,2025-09-09 01:00:00,2025-09-09 10:00:00,drain
157B025030014,2025-06-15 10:00:00,2025-06-15 15:00:00,drain
157B025030014,2025-06-17 00:00:00,2025-06-17 00:00:00,anomaly
157B025030014,2025-06-18 00:00:00,2025-06-18 00:00:00,anomaly
157B025030014,2025-06-19 01:00:00,2025-06-19 01:00:00,anomaly
157B025030014,2025-06-21 05:00:00,2025-06-21 05:00:00,anomaly
157B025030014,2025-06-21 22:00:00,2025-06-21 22:00:00,anomaly
157B025030014,2025-06-28 05:00:00,2025-06-28 05:00:00,anomaly
157B025030014,2025-06-30 05:00:00,2025-06-30 05:00:00,anomaly
157B025030014,2025-06-30 23:00:00,2025-07-01 01:00:00,anomaly
157B025030014,2025-07-02 23:00:00,2025-07-02 23:00:00,anomaly
157B025030014,2025-07-07 04:00:00,2025-07-07 04:00:00,anomaly
157B025030014,2025-07-09 04:00:00,2025-07-09 04:00:00,anomaly
157B025030014,2025-07-15 02:00:00,2025-07-15 03:00:00,anomaly
157B025030014,2025-06-28 02:00:00,2025-06-28 02:00:00,anomaly
157B025030014,2025-07-09 05:00:00,2025-07-09 06:00:00,anomaly
157B025030014,2025-07-12 23:00:00,2025-07-13 11:00:00,anomaly
157B025030014,2025-07-15 21:00:00,2025-07-16 15:00:00,anomaly
157B025030014,2025-07-20 16:00:00,2025-07-20 16:00:00,anomaly
157B025030014,2025-07-24 10:00:00,2025-07-24 23:00:00,anomaly
157B025030014,2025-07-26 05:00:00,2025-07-26 08:00:00,anomaly
157B025030014,2025-06-19 07:00:00,2025-06-19 14:00:00,drain
157B025030014,2025-06-20 00:00:00,2025-06-20 04:00:00,drain
157B025030014,2025-06-21 17:00:00,2025-06-21 21:00:00,drain
157B025030014,2025-06-23 21:00:00,2025-06-24 04:00:00,drain
157B025030014,2025-06-26 08:00:00,2025-06-26 10:00:00,drain
157B025030014,2025-07-04 12:00:00,2025-07-04 15:00:00,drain
157B025030014,2025-07-08 02:00:00,2025-07-08 06:00:00,drain
157B025030014,2025-07-11 21:00:00,2025-07-12 00:00:00,drain
157B025030014,2025-07-14 21:00:00,2025-07-15 01:00:00,drain
157B025030014,2025-07-15 13:00:00,2025-07-15 17:00:00,drain
157B025030014,2025-08-01 00:00:00,2025-08-01 01:00:00,anomaly
157B025030014,2025-08-01 19:00:00,2025-08-01 19:00:00,anomaly
157B025030014,2025-08-01 23:00:00,2025-08-02 00:00:00,anomaly
157B025030014,2025-08-07 08:00:00,2025-08-07 08:00:00,anomaly
157B025030014,2025-08-07 10:00:00,2025-08-07 14:00:00,anomaly
157B025030014,2025-08-07 16:00:00,2025-08-07 23:00:00,anomaly
157B025030014,2025-08-08 02:00:00,2025-08-08 03:00:00,anomaly
157B025030014,2025-08-08 05:00:00,2025-08-08 05:00:00,anomaly
157B025030014,2025-08-09 05:00:00,2025-08-09 05:00:00,anomaly
157B025030014,2025-08-09 09:00:00,2025-08-09 10:00:00,anomaly
157B025030014,2025-08-15 02:00:00,2025-08-15 05:00:00,anomaly
157B025030014,2025-08-15 21:00:00,2025-08-16 01:00:00,drain
157B025030014,2025-08-22 00:00:00,2025-08-22 00:00:00,anomaly
157B025030014,2025-08-23 00:00:00,2025-08-23 01:00:00,anomaly
157B025030014,2025-08-29 01:00:00,2025-08-29 02:00:00,anomaly
157B025030014,2025-08-29 22:00:00,2025-08-30 00:00:00,drain
157B025030014,2025-09-04 22:00:00,2025-09-04 23:00:00,anomaly
157B025030014,2025-09-05 09:00:00,2025-09-05 13:00:00,drain
157B025030014,2025-09-06 00:00:00,2025-09-06 04:00:00,drain
157B025030014,2025-09-11 03:00:00,2025-09-12 06:00:00,anomaly
157B025030015,2025-06-27 00:00:00,2025-06-27 00:00:00,anomaly
157B025030015,2025-06-27 04:00:00,2025-06-27 04:00:00,anomaly
157B025030015,2025-06-27 23:00:00,2025-06-27 23:00:00,anomaly
157B025030015,2025-07-01 00:00:00,2025-07-01 00:00:00,anomaly
157B025030015,2025-06-25 15:00:00,2025-06-26 02:00:00,anomaly
157B025030015,2025-07-14 03:00:00,2025-07-14 04:00:00,anomaly
157B025030015,2025-07-19 00:00:00,2025-07-19 01:00:00,anomaly
157B025030015,2025-07-10 04:00:00,2025-07-11 08:00:00,anomaly
157B025030015,2025-07-12 08:00:00,2025-07-14 02:00:00,anomaly
157B025030023,2025-06-16 05:00:00,2025-06-16 05:00:00,anomaly
157B025030023,2025-06-17 02:00:00,2025-06-17 04:00:00,drain
157B025030023,2025-06-27 04:00:00,2025-06-27 04:00:00,anomaly
157B025030023,2025-06-30 00:00:00,2025-06-30 00:00:00,anomaly
157B025030023,2025-07-01 02:00:00,2025-07-01 02:00:00,anomaly
157B025030023,2025-06-28 13:00:00,2025-06-28 15:00:00,drain
157B025030023,2025-06-29 11:00:00,2025-06-29 13:00:00,drain
157B025030023,2025-07-05 02:00:00,2025-07-05 02:00:00,anomaly
157B025030023,2025-07-06 00:00:00,2025-07-06 00:00:00,anomaly
157B025030023,2025-07-06 03:00:00,2025-07-06 03:00:00,anomaly
157B025030023,2025-07-05 09:00:00,2025-07-05 11:00:00,drain
157B025030023,2025-07-16 02:00:00,2025-07-16 06:00:00,drain
157B025030023,2025-07-16 08:00:00,2025-07-16 11:00:00,drain
157B025030023,2025-07-17 00:00:00,2025-07-17 04:00:00,drain
157B025030023,2025-07-30 22:00:00,2025-07-30 22:00:00,anomaly
157B025030023,2025-07-31 02:00:00,2025-07-31 03:00:00,anomaly
157B025030023,2025-08-03 22:00:00,2025-08-03 22:00:00,anomaly
157B025030023,2025-08-04 01:00:00,2025-08-04 01:00:00,anomaly
157B025030023,2025-08-05 02:00:00,2025-08-05 02:00:00,anomaly
157B025030023,2025-08-06 00:00:00,2025-08-06 01:00:00,anomaly
157B025030023,2025-08-06 03:00:00,2025-08-06 05:00:00,anomaly
157B025030023,2025-08-08 23:00:00,2025-08-09 00:00:00,anomaly
157B025030023,2025-08-09 02:00:00,2025-08-09 02:00:00,anomaly
157B025030023,2025-08-14 00:00:00,2025-08-14 00:00:00,anomaly
157B025030023,2025-08-15 23:00:00,2025-08-15 23:00:00,anomaly
157B025030023,2025-08-18 01:00:00,2025-08-18 01:00:00,anomaly
157B025030023,2025-08-18 23:00:00,2025-08-18 23:00:00,anomaly
157B025030023,2025-08-19 01:00:00,2025-08-19 02:00:00,anomaly
157B025030023,2025-08-19 04:00:00,2025-08-19 04:00:00,anomaly
157B025030023,2025-08-23 22:00:00,2025-08-23 23:00:00,anomaly
157B025030023,2025-08-24 04:00:00,2025-08-24 04:00:00,anomaly
157B025030023,2025-08-23 09:00:00,2025-08-23 09:00:00,anomaly
157B025030023,2025-08-25 05:00:00,2025-08-25 05:00:00,anomaly
157B025030023,2025-08-03 10:00:00,2025-08-03 18:00:00,drain
157B025030023,2025-08-12 11:00:00,2025-08-12 14:00:00,drain
157B025030023,2025-08-13 07:00:00,2025-08-13 13:00:00,drain
157B025030023,2025-08-14 13:00:00,2025-08-14 21:00:00,drain
157B025030023,2025-08-15 00:00:00,2025-08-15 05:00:00,drain
157B025030023,2025-08-17 03:00:00,2025-08-17 07:00:00,drain
157B025030023,2025-08-17 09:00:00,2025-08-17 11:00:00,drain
157B025030023,2025-08-20 00:00:00,2025-08-20 03:00:00,drain
157B025030023,2025-09-06 01:00:00,2025-09-06 01:00:00,anomaly
157B025030023,2025-09-11 17:00:00,2025-09-12 00:00:00,drain
157B025030023,2025-09-15 17:00:00,2025-09-15 22:00:00,drain
157B025030025,2025-06-15 01:00:00,2025-06-15 01:00:00,anomaly
157B025030025,2025-06-16 01:00:00,2025-06-16 02:00:00,anomaly
157B025030025,2025-06-19 02:00:00,2025-06-19 07:00:00,drain
157B025030025,2025-07-06 04:00:00,2025-07-06 04:00:00,anomaly
157B025030025,2025-07-04 00:00:00,2025-07-04 01:00:00,anomaly
157B025030025,2025-07-09 13:00:00,2025-07-09 16:00:00,anomaly
157B025030025,2025-07-09 19:00:00,2025-07-09 19:00:00,anomaly
157B025030025,2025-07-10 04:00:00,2025-07-11 15:00:00,anomaly
157B025030025,2025-07-12 01:00:00,2025-07-12 19:00:00,anomaly
157B025030025,2025-07-12 23:00:00,2025-07-14 07:00:00,anomaly
157B025030025,2025-07-14 10:00:00,2025-07-14 10:00:00,anomaly
157B025030025,2025-07-16 02:00:00,2025-07-16 06:00:00,anomaly
157B025030025,2025-07-16 08:00:00,2025-07-16 08:00:00,anomaly
157B025030025,2025-07-22 23:00:00,2025-07-22 23:00:00,anomaly
157B025030025,2025-07-23 23:00:00,2025-07-24 01:00:00,anomaly
157B025030025,2025-07-31 04:00:00,2025-07-31 04:00:00,anomaly
157B025030025,2025-08-07 22:00:00,2025-08-07 23:00:00,anomaly
157B025030025,2025-08-08 23:00:00,2025-08-08 23:00:00,anomaly
157B025030025,2025-08-14 06:00:00,2025-08-14 06:00:00,anomaly
157B025030025,2025-08-16 13:00:00,2025-08-16 13:00:00,anomaly
157B025030025,2025-08-23 05:00:00,2025-08-23 07:00:00,anomaly
157B025030026,2025-06-16 02:00:00,2025-06-16 02:00:00,anomaly
157B025030026,2025-06-16 09:00:00,2025-06-16 16:00:00,drain
157B025030026,2025-06-27 01:00:00,2025-06-27 01:00:00,anomaly
157B025030026,2025-06-23 02:00:00,2025-06-23 07:00:00,drain
157B025030026,2025-07-15 01:00:00,2025-07-15 01:00:00,anomaly
157B025030026,2025-07-09 20:00:00,2025-07-09 20:00:00,anomaly
157B025030026,2025-07-14 07:00:00,2025-07-14 10:00:00,anomaly
157B025030026,2025-07-16 02:00:00,2025-07-16 02:00:00,anomaly
157B025030026,2025-07-16 04:00:00,2025-07-16 05:00:00,anomaly
157B025030026,2025-07-16 07:00:00,2025-07-16 09:00:00,anomaly
157B025030026,2025-07-08 22:00:00,2025-07-09 03:00:00,drain
157B025030026,2025-07-09 05:00:00,2025-07-09 09:00:00,drain
157B025030026,2025-07-22 23:00:00,2025-07-22 23:00:00,anomaly
157B025030026,2025-07-23 02:00:00,2025-07-23 02:00:00,anomaly
157B025030026,2025-07-23 23:00:00,2025-07-23 23:00:00,anomaly
157B025030026,2025-07-24 01:00:00,2025-07-24 02:00:00,anomaly
157B025030026,2025-07-29 01:00:00,2025-07-29 02:00:00,anomaly
157B025030026,2025-07-31 03:00:00,2025-07-31 03:00:00,anomaly
157B025030026,2025-07-31 23:00:00,2025-08-01 00:00:00,anomaly
157B025030026,2025-08-03 05:00:00,2025-08-03 05:00:00,anomaly
157B025030026,2025-08-03 23:00:00,2025-08-04 00:00:00,anomaly
157B025030026,2025-08-05 01:00:00,2025-08-05 03:00:00,anomaly
157B025030026,2025-07-21 14:00:00,2025-07-21 14:00:00,anomaly
157B025030026,2025-08-02 03:00:00,2025-08-02 03:00:00,anomaly
157B025030026,2025-07-26 23:00:00,2025-07-27 09:00:00,drain
157B025030026,2025-07-29 13:00:00,2025-07-29 19:00:00,drain
157B025030026,2025-08-02 14:00:00,2025-08-02 16:00:00,drain
157B025030026,2025-08-14 01:00:00,2025-08-14 01:00:00,anomaly
157B025030026,2025-09-07 23:00:00,2025-09-07 23:00:00,anomaly
157B025030026,2025-09-10 03:00:00,2025-09-10 03:00:00,anomaly
157B025030026,2025-09-04 17:00:00,2025-09-05 23:00:00,anomaly
157B025030027,2025-06-17 22:00:00,2025-06-17 22:00:00,anomaly
157B025030027,2025-06-19 01:00:00,2025-06-19 01:00:00,anomaly
157B025030027,2025-06-19 05:00:00,2025-06-19 05:00:00,anomaly
157B025030027,2025-06-20 04:00:00,2025-06-20 04:00:00,anomaly
157B025030027,2025-06-24 05:00:00,2025-06-24 05:00:00,anomaly
157B025030027,2025-06-26 00:00:00,2025-06-26 00:00:00,anomaly
157B025030027,2025-06-29 05:00:00,2025-06-29 05:00:00,anomaly
157B025030027,2025-06-18 18:00:00,2025-06-18 22:00:00,anomaly
157B025030027,2025-06-20 08:00:00,2025-06-20 08:00:00,anomaly
157B025030027,2025-06-20 11:00:00,2025-06-20 11:00:00,anomaly
157B025030027,2025-06-24 21:00:00,2025-06-24 22:00:00,anomaly
157B025030027,2025-06-27 21:00:00,2025-06-27 23:00:00,anomaly
157B025030027,2025-06-28 08:00:00,2025-06-28 23:00:00,anomaly
157B025030027,2025-07-21 22:00:00,2025-07-21 22:00:00,anomaly
157B025030027,2025-07-24 00:00:00,2025-07-24 00:00:00,anomaly
157B025030027,2025-07-21 08:00:00,2025-07-21 10:00:00,drain
157B025030027,2025-07-30 22:00:00,2025-07-30 22:00:00,anomaly
157B025030027,2025-08-09 03:00:00,2025-08-09 03:00:00,anomaly
157B025030027,2025-08-19 04:00:00,2025-08-19 04:00:00,anomaly
157B025030027,2025-08-21 03:00:00,2025-08-21 03:00:00,anomaly
157B025030027,2025-08-27 04:00:00,2025-08-27 04:00:00,anomaly
157B025030027,2025-09-06 00:00:00,2025-09-06 00:00:00,anomaly
157B025030027,2025-09-10 03:00:00,2025-09-10 03:00:00,anomaly
157B025030027,2025-07-28 00:00:00,2025-07-28 00:00:00,anomaly
157B025030027,2025-07-28 13:00:00,2025-07-28 13:00:00,anomaly
157B025030027,2025-07-28 18:00:00,2025-07-29 10:00:00,anomaly
157B025030027,2025-07-29 23:00:00,2025-07-29 23:00:00,anomaly
157B025030027,2025-07-30 01:00:00,2025-07-30 01:00:00,anomaly
157B025030027,2025-08-02 05:00:00,2025-08-02 08:00:00,anomaly
157B025030027,2025-08-03 00:00:00,2025-08-03 06:00:00,anomaly
157B025030027,2025-08-09 23:00:00,2025-08-10 08:00:00,drain
157B025030027,2025-09-03 21:00:00,2025-09-04 04:00:00,drain
157B025030029,2025-06-17 02:00:00,2025-06-17 02:00:00,anomaly
157B025030029,2025-06-16 06:00:00,2025-06-16 10:00:00,drain
157B025030029,2025-06-19 00:00:00,2025-06-19 00:00:00,anomaly
157B025030029,2025-06-21 23:00:00,2025-06-21 23:00:00,anomaly
157B025030029,2025-06-22 04:00:00,2025-06-22 04:00:00,anomaly
157B025030029,2025-06-24 02:00:00,2025-06-24 02:00:00,anomaly
157B025030029,2025-06-25 01:00:00,2025-06-25 01:00:00,anomaly
157B025030029,2025-06-25 03:00:00,2025-06-25 03:00:00,anomaly
157B025030029,2025-06-22 13:00:00,2025-06-22 13:00:00,anomaly
157B025030029,2025-06-21 08:00:00,2025-06-21 11:00:00,drain
157B025030029,2025-06-24 08:00:00,2025-06-24 10:00:00,drain
157B025030029,2025-07-06 01:00:00,2025-07-06 02:00:00,anomaly
157B025030029,2025-07-14 00:00:00,2025-07-14 00:00:00,anomaly
157B025030029,2025-07-15 00:00:00,2025-07-15 00:00:00,anomaly
157B025030029,2025-07-21 22:00:00,2025-07-21 22:00:00,anomaly
157B025030029,2025-07-24 00:00:00,2025-07-24 00:00:00,anomaly
157B025030029,2025-07-24 16:00:00,2025-07-24 18:00:00,anomaly
157B025030029,2025-07-25 12:00:00,2025-07-25 12:00:00,anomaly
157B025030029,2025-07-21 07:00:00,2025-07-21 12:00:00,drain
157B025030029,2025-07-31 03:00:00,2025-07-31 03:00:00,anomaly
157B025030029,2025-07-27 04:00:00,2025-07-30 08:00:00,anomaly
157B025030029,2025-07-30 10:00:00,2025-07-30 12:00:00,anomaly
157B025030029,2025-07-30 16:00:00,2025-07-30 21:00:00,anomaly
157B025030029,2025-07-31 01:00:00,2025-07-31 01:00:00,anomaly
157B025030029,2025-08-09 02:00:00,2025-08-09 02:00:00,anomaly
157B025030029,2025-08-10 23:00:00,2025-08-10 23:00:00,anomaly
157B025030029,2025-08-11 01:00:00,2025-08-11 01:00:00,anomaly
157B025030029,2025-08-12 05:00:00,2025-08-12 05:00:00,anomaly
157B025030029,2025-08-10 07:00:00,2025-08-10 08:00:00,anomaly
157B025030029,2025-09-03 21:00:00,2025-09-04 06:00:00,drain
157B025030029,2025-09-10 04:00:00,2025-09-10 04:00:00,anomaly
157B025030031,2025-06-17 03:00:00,2025-06-17 03:00:00,anomaly
157B025030031,2025-06-22 00:00:00,2025-06-22 06:00:00,drain
157B025030031,2025-07-03 23:00:00,2025-07-03 23:00:00,anomaly
157B025030031,2025-07-07 23:00:00,2025-07-07 23:00:00,anomaly
157B025030031,2025-07-09 01:00:00,2025-07-09 01:00:00,anomaly
157B025030031,2025-07-11 00:00:00,2025-07-11 00:00:00,anomaly
157B025030031,2025-07-12 01:00:00,2025-07-12 01:00:00,anomaly
157B025030031,2025-07-13 03:00:00,2025-07-13 03:00:00,anomaly
157B025030031,2025-07-13 22:00:00,2025-07-13 22:00:00,anomaly
157B025030031,2025-07-15 00:00:00,2025-07-15 00:00:00,anomaly
157B025030031,2025-07-11 23:00:00,2025-07-11 23:00:00,anomaly
157B025030031,2025-07-13 05:00:00,2025-07-13 09:00:00,anomaly
157B025030031,2025-07-13 12:00:00,2025-07-13 14:00:00,anomaly
157B025030031,2025-07-13 17:00:00,2025-07-13 17:00:00,anomaly
157B025030031,2025-07-04 09:00:00,2025-07-04 13:00:00,drain
157B025030031,2025-07-19 05:00:00,2025-07-19 11:00:00,drain
157B025030031,2025-07-23 23:00:00,2025-07-23 23:00:00,anomaly
157B025030031,2025-07-24 22:00:00,2025-07-24 22:00:00,anomaly
157B025030031,2025-07-23 07:00:00,2025-07-23 11:00:00,drain
157B025030031,2025-07-24 05:00:00,2025-07-24 08:00:00,drain
157B025030031,2025-07-31 07:00:00,2025-07-31 15:00:00,drain
157B025030031,2025-08-15 22:00:00,2025-08-15 22:00:00,anomaly
157B025030031,2025-08-28 22:00:00,2025-08-28 22:00:00,anomaly
157B025030031,2025-09-05 05:00:00,2025-09-05 05:00:00,anomaly
157B025030031,2025-09-10 03:00:00,2025-09-10 03:00:00,anomaly
157B025030031,2025-09-09 17:00:00,2025-09-10 02:00:00,anomaly
157B025030031,2025-09-10 16:00:00,2025-09-10 17:00:00,anomaly
157B025030031,2025-09-10 19:00:00,2025-09-11 07:00:00,anomaly
157B025030031,2025-09-11 22:00:00,2025-09-12 01:00:00,anomaly
157B025030032,2025-06-16 00:00:00,2025-06-16 00:00:00,anomaly
157B025030032,2025-06-16 02:00:00,2025-06-16 03:00:00,anomaly
157B025030032,2025-06-16 14:00:00,2025-06-16 19:00:00,drain
157B025030032,2025-06-19 02:00:00,2025-06-19 02:00:00,anomaly
157B025030032,2025-06-26 04:00:00,2025-06-26 05:00:00,anomaly
157B025030032,2025-06-27 00:00:00,2025-06-27 00:00:00,anomaly
157B025030032,2025-06-18 17:00:00,2025-06-19 01:00:00,drain
157B025030032,2025-07-09 22:00:00,2025-07-09 22:00:00,anomaly
157B025030032,2025-07-07 12:00:00,2025-07-08 09:00:00,drain
157B025030032,2025-07-14 23:00:00,2025-07-15 02:00:00,anomaly
157B025030032,2025-07-15 04:00:00,2025-07-15 05:00:00,anomaly
157B025030032,2025-07-15 23:00:00,2025-07-15 23:00:00,anomaly
157B025030032,2025-07-22 23:00:00,2025-07-22 23:00:00,anomaly
157B025030032,2025-07-23 22:00:00,2025-07-23 22:00:00,anomaly
157B025030032,2025-07-10 16:00:00,2025-07-14 06:00:00,anomaly
157B025030032,2025-07-26 16:00:00,2025-07-26 17:00:00,anomaly
157B025030032,2025-07-14 13:00:00,2025-07-14 19:00:00,drain
157B025030032,2025-07-22 03:00:00,2025-07-22 07:00:00,drain
157B025030032,2025-07-25 23:00:00,2025-07-26 06:00:00,drain
157B025030032,2025-07-26 22:00:00,2025-07-26 23:00:00,anomaly
157B025030032,2025-07-27 03:00:00,2025-07-27 03:00:00,anomaly
157B025030032,2025-07-30 00:00:00,2025-07-30 00:00:00,anomaly
157B025030032,2025-07-31 03:00:00,2025-07-31 04:00:00,anomaly
157B025030032,2025-07-31 22:00:00,2025-07-31 22:00:00,anomaly
157B025030032,2025-08-01 00:00:00,2025-08-01 00:00:00,anomaly
157B025030032,2025-08-03 00:00:00,2025-08-03 00:00:00,anomaly
157B025030032,2025-08-03 02:00:00,2025-08-03 02:00:00,anomaly
157B025030032,2025-08-03 04:00:00,2025-08-03 04:00:00,anomaly
157B025030032,2025-08-12 00:00:00,2025-08-12 00:00:00,anomaly
157B025030032,2025-08-14 01:00:00,2025-08-14 05:00:00,anomaly
157B025030032,2025-09-02 01:00:00,2025-09-02 01:00:00,anomaly
157B025030032,2025-09-05 22:00:00,2025-09-05 23:00:00,anomaly
157B025030032,2025-09-06 01:00:00,2025-09-06 04:00:00,anomaly
157B025030032,2025-09-06 23:00:00,2025-09-07 00:00:00,anomaly
157B025030032,2025-09-07 23:00:00,2025-09-08 00:00:00,anomaly
157B025030032,2025-09-08 03:00:00,2025-09-08 03:00:00,anomaly
157B025030032,2025-09-08 05:00:00,2025-09-08 05:00:00,anomaly
157B025030032,2025-09-10 03:00:00,2025-09-10 03:00:00,anomaly
157B025030032,2025-09-11 00:00:00,2025-09-11 00:00:00,anomaly
157B025030032,2025-07-28 23:00:00,2025-07-28 23:00:00,anomaly
157B025030032,2025-09-01 05:00:00,2025-09-01 06:00:00,anomaly
157B025030032,2025-09-02 00:00:00,2025-09-02 00:00:00,anomaly
157B025030032,2025-09-02 02:00:00,2025-09-02 02:00:00,anomaly
157B025030032,2025-07-30 22:00:00,2025-07-31 01:00:00,drain
157B025030032,2025-08-01 19:00:00,2025-08-02 02:00:00,drain
157B025030032,2025-08-13 07:00:00,2025-08-13 16:00:00,drain
157B025030032,2025-08-13 20:00:00,2025-08-14 00:00:00,drain
157B025030032,2025-08-30 22:00:00,2025-08-31 13:00:00,drain
157B025030032,2025-09-07 10:00:00,2025-09-07 19:00:00,drain
157B025030032,2025-09-08 13:00:00,2025-09-08 20:00:00,drain
157B025030032,2025-09-09 03:00:00,2025-09-09 09:00:00,drain
157B025030032,2025-09-11 18:00:00,2025-09-12 06:00:00,drain
157B025030032,2025-09-12 08:00:00,2025-09-12 16:00:00,drain
157B025030032,2025-09-13 04:00:00,2025-09-13 11:00:00,drain
157B025030033,2025-06-15 01:00:00,2025-06-15 02:00:00,anomaly
157B025030033,2025-06-15 02:00:00,2025-06-15 10:00:00,anomaly
157B025030033,2025-06-15 20:00:00,2025-06-16 01:00:00,anomaly
157B025030033,2025-06-27 02:00:00,2025-06-27 02:00:00,anomaly
157B025030033,2025-06-22 23:00:00,2025-06-23 04:00:00,drain
157B025030033,2025-07-09 00:00:00,2025-07-09 01:00:00,anomaly
157B025030033,2025-07-09 05:00:00,2025-07-09 05:00:00,anomaly
157B025030033,2025-07-10 05:00:00,2025-07-10 05:00:00,anomaly
157B025030033,2025-07-08 09:00:00,2025-07-08 13:00:00,anomaly
157B025030033,2025-07-09 14:00:00,2025-07-09 15:00:00,anomaly
157B025030033,2025-07-09 21:00:00,2025-07-10 04:00:00,anomaly
157B025030033,2025-07-10 15:00:00,2025-07-12 15:00:00,anomaly
157B025030033,2025-07-07 08:00:00,2025-07-07 20:00:00,drain
157B025030033,2025-07-18 03:00:00,2025-07-18 03:00:00,anomaly
157B025030033,2025-07-22 02:00:00,2025-07-22 02:00:00,anomaly
157B025030033,2025-07-29 00:00:00,2025-07-29 00:00:00,anomaly
157B025030033,2025-07-31 03:00:00,2025-07-31 04:00:00,anomaly
157B025030033,2025-07-31 23:00:00,2025-08-01 00:00:00,anomaly
157B025030033,2025-08-03 04:00:00,2025-08-03 05:00:00,anomaly
157B025030033,2025-08-03 23:00:00,2025-08-03 23:00:00,anomaly
157B025030033,2025-08-04 23:00:00,2025-08-05 00:00:00,anomaly
157B025030033,2025-08-08 03:00:00,2025-08-08 03:00:00,anomaly
157B025030033,2025-08-08 05:00:00,2025-08-08 05:00:00,anomaly
157B025030033,2025-08-13 01:00:00,2025-08-13 01:00:00,anomaly
157B025030033,2025-08-13 04:00:00,2025-08-13 04:00:00,anomaly
157B025030033,2025-08-17 23:00:00,2025-08-17 23:00:00,anomaly
157B025030033,2025-08-21 04:00:00,2025-08-21 04:00:00,anomaly
157B025030033,2025-08-22 22:00:00,2025-08-22 22:00:00,anomaly
157B025030033,2025-08-23 02:00:00,2025-08-23 02:00:00,anomaly
157B025030033,2025-07-14 07:00:00,2025-07-14 07:00:00,anomaly
157B025030033,2025-07-14 10:00:00,2025-07-14 10:00:00,anomaly
157B025030033,2025-07-16 01:00:00,2025-07-16 02:00:00,anomaly
157B025030033,2025-07-16 04:00:00,2025-07-16 04:00:00,anomaly
157B025030033,2025-07-16 06:00:00,2025-07-16 09:00:00,anomaly
157B025030033,2025-07-26 22:00:00,2025-07-28 12:00:00,anomaly
157B025030033,2025-07-28 14:00:00,2025-07-28 18:00:00,anomaly
157B025030033,2025-07-28 20:00:00,2025-07-28 22:00:00,anomaly
157B025030033,2025-07-29 15:00:00,2025-07-30 21:00:00,anomaly
157B025030033,2025-07-31 01:00:00,2025-07-31 02:00:00,anomaly
157B025030033,2025-07-31 07:00:00,2025-07-31 07:00:00,anomaly
157B025030033,2025-07-31 19:00:00,2025-07-31 19:00:00,anomaly
157B025030033,2025-08-01 04:00:00,2025-08-01 06:00:00,anomaly
157B025030033,2025-08-02 05:00:00,2025-08-02 10:00:00,anomaly
157B025030033,2025-08-02 12:00:00,2025-08-03 03:00:00,anomaly
157B025030033,2025-08-03 15:00:00,2025-08-03 15:00:00,anomaly
157B025030033,2025-08-03 21:00:00,2025-08-03 21:00:00,anomaly
157B025030033,2025-07-21 16:00:00,2025-07-21 20:00:00,drain
157B025030033,2025-07-21 23:00:00,2025-07-22 01:00:00,drain
157B025030033,2025-07-22 09:00:00,2025-07-22 14:00:00,drain
157B025030033,2025-07-26 13:00:00,2025-07-26 17:00:00,drain
157B025030033,2025-08-01 22:00:00,2025-08-02 01:00:00,drain
157B025030033,2025-08-07 07:00:00,2025-08-07 11:00:00,drain
157B025030033,2025-08-15 00:00:00,2025-08-15 04:00:00,drain
157B025030033,2025-08-19 08:00:00,2025-08-19 12:00:00,drain
157B025030033,2025-08-23 08:00:00,2025-08-23 15:00:00,drain
157B025030033,2025-09-06 22:00:00,2025-09-06 23:00:00,anomaly
157B025030033,2025-09-07 22:00:00,2025-09-07 23:00:00,anomaly
157B025030033,2025-09-09 19:00:00,2025-09-10 02:00:00,anomaly
157B025030033,2025-09-11 02:00:00,2025-09-11 03:00:00,anomaly
157B025030033,2025-09-11 15:00:00,2025-09-11 15:00:00,anomaly
157B025030033,2025-09-11 19:00:00,2025-09-12 00:00:00,anomaly
157B025030033,2025-09-07 08:00:00,2025-09-07 13:00:00,drain
157B025030034,2025-06-18 00:00:00,2025-06-18 00:00:00,anomaly
157B025030034,2025-06-18 02:00:00,2025-06-18 02:00:00,anomaly
157B025030034,2025-06-15 00:00:00,2025-06-15 01:00:00,anomaly
157B025030034,2025-06-15 03:00:00,2025-06-16 04:00:00,anomaly
157B025030034,2025-06-16 06:00:00,2025-06-16 08:00:00,anomaly
157B025030034,2025-06-16 12:00:00,2025-06-16 12:00:00,anomaly
157B025030034,2025-06-16 16:00:00,2025-06-16 18:00:00,anomaly
157B025030034,2025-06-16 20:00:00,2025-06-17 16:00:00,anomaly
157B025030034,2025-06-17 18:00:00,2025-06-17 23:00:00,anomaly
157B025030034,2025-06-27 02:00:00,2025-06-27 05:00:00,anomaly
157B025030034,2025-06-26 11:00:00,2025-06-26 17:00:00,drain
157B025030034,2025-07-21 04:00:00,2025-07-21 06:00:00,anomaly
157B025030034,2025-07-21 12:00:00,2025-07-21 17:00:00,anomaly
157B025030034,2025-07-21 21:00:00,2025-07-21 23:00:00,anomaly
157B025030034,2025-07-22 06:00:00,2025-07-22 14:00:00,anomaly
157B025030034,2025-07-23 01:00:00,2025-07-26 08:00:00,anomaly
157B025030034,2025-07-31 07:00:00,2025-07-31 12:00:00,drain
157B025030034,2025-08-06 22:00:00,2025-08-06 22:00:00,anomaly
157B025030034,2025-08-08 00:00:00,2025-08-08 00:00:00,anomaly
157B025030034,2025-08-15 00:00:00,2025-08-15 00:00:00,anomaly
157B025030034,2025-08-22 22:00:00,2025-08-22 22:00:00,anomaly
157B025030034,2025-08-23 03:00:00,2025-08-23 03:00:00,anomaly
157B025030034,2025-08-29 21:00:00,2025-08-30 10:00:00,anomaly
157B025030034,2025-09-04 05:00:00,2025-09-06 00:00:00,anomaly
157B025030034,2025-09-10 03:00:00,2025-09-10 03:00:00,anomaly
157B025030037,2025-06-16 02:00:00,2025-06-16 02:00:00,anomaly
157B025030037,2025-06-15 01:00:00,2025-06-16 01:00:00,anomaly
157B025030037,2025-06-16 05:00:00,2025-06-16 08:00:00,anomaly
157B025030037,2025-06-16 10:00:00,2025-06-16 11:00:00,anomaly
157B025030037,2025-06-16 13:00:00,2025-06-17 16:00:00,anomaly
157B025030037,2025-07-10 05:00:00,2025-07-11 12:00:00,anomaly
157B025030037,2025-07-12 10:00:00,2025-07-12 15:00:00,anomaly
157B025030037,2025-08-09 00:00:00,2025-08-09 01:00:00,anomaly
157B025030037,2025-08-09 07:00:00,2025-08-09 07:00:00,anomaly
157B025030037,2025-08-27 23:00:00,2025-08-28 07:00:00,anomaly
157B025030037,2025-09-05 23:00:00,2025-09-05 23:00:00,anomaly
157B025030037,2025-09-12 00:00:00,2025-09-12 03:00:00,drain
157B025030039,2025-06-18 00:00:00,2025-06-18 00:00:00,anomaly
157B025030039,2025-06-19 00:00:00,2025-06-19 01:00:00,anomaly
157B025030039,2025-06-21 01:00:00,2025-06-21 01:00:00,anomaly
157B025030039,2025-06-24 05:00:00,2025-06-24 05:00:00,anomaly
157B025030039,2025-06-25 01:00:00,2025-06-25 03:00:00,anomaly
157B025030039,2025-06-26 00:00:00,2025-06-26 00:00:00,anomaly
157B025030039,2025-06-27 00:00:00,2025-06-27 00:00:00,anomaly
157B025030039,2025-06-28 01:00:00,2025-06-28 02:00:00,anomaly
157B025030039,2025-06-29 00:00:00,2025-06-29 01:00:00,anomaly
157B025030039,2025-06-30 01:00:00,2025-06-30 01:00:00,anomaly
157B025030039,2025-06-30 03:00:00,2025-06-30 03:00:00,anomaly
157B025030039,2025-07-01 01:00:00,2025-07-01 01:00:00,anomaly
157B025030039,2025-07-01 23:00:00,2025-07-01 23:00:00,anomaly
157B025030039,2025-06-24 00:00:00,2025-06-24 04:00:00,drain
157B025030039,2025-06-27 06:00:00,2025-06-27 10:00:00,drain
157B025030039,2025-06-29 08:00:00,2025-06-29 12:00:00,drain
157B025030039,2025-07-01 09:00:00,2025-07-01 15:00:00,drain
157B025030039,2025-07-04 23:00:00,2025-07-04 23:00:00,anomaly
157B025030039,2025-07-05 23:00:00,2025-07-05 23:00:00,anomaly
157B025030039,2025-07-06 04:00:00,2025-07-06 04:00:00,anomaly
157B025030039,2025-07-07 23:00:00,2025-07-07 23:00:00,anomaly
157B025030039,2025-07-14 00:00:00,2025-07-14 00:00:00,anomaly
157B025030039,2025-07-14 22:00:00,2025-07-14 23:00:00,anomaly
157B025030039,2025-07-24 00:00:00,2025-07-24 00:00:00,anomaly
157B025030039,2025-07-31 03:00:00,2025-07-31 03:00:00,anomaly
157B025030039,2025-07-31 23:00:00,2025-07-31 23:00:00,anomaly
157B025030039,2025-08-09 02:00:00,2025-08-09 02:00:00,anomaly
157B025030039,2025-08-17 02:00:00,2025-08-17 02:00:00,anomaly
157B025030039,2025-08-17 04:00:00,2025-08-17 05:00:00,anomaly
157B025030039,2025-08-17 23:00:00,2025-08-17 23:00:00,anomaly
157B025030039,2025-08-18 02:00:00,2025-08-18 02:00:00,anomaly
157B025030039,2025-08-18 05:00:00,2025-08-18 05:00:00,anomaly
157B025030039,2025-08-22 02:00:00,2025-08-22 02:00:00,anomaly
157B025030039,2025-08-24 05:00:00,2025-08-24 05:00:00,anomaly
157B025030039,2025-08-25 00:00:00,2025-08-25 00:00:00,anomaly
157B025030039,2025-08-25 02:00:00,2025-08-25 02:00:00,anomaly
157B025030039,2025-08-28 00:00:00,2025-08-28 00:00:00,anomaly
157B025030039,2025-08-28 02:00:00,2025-08-28 02:00:00,anomaly
157B025030039,2025-08-28 23:00:00,2025-08-29 00:00:00,anomaly
157B025030039,2025-08-29 02:00:00,2025-08-29 02:00:00,anomaly
157B025030039,2025-07-14 15:00:00,2025-07-14 21:00:00,anomaly
157B025030039,2025-07-23 16:00:00,2025-07-23 18:00:00,anomaly
157B025030039,2025-08-08 05:00:00,2025-08-08 09:00:00,anomaly
157B025030039,2025-08-08 15:00:00,2025-08-08 21:00:00,anomaly
157B025030039,2025-09-05 06:00:00,2025-09-05 11:00:00,anomaly
157B025030039,2025-09-05 13:00:00,2025-09-05 13:00:00,anomaly
157B025030039,2025-07-14 07:00:00,2025-07-14 11:00:00,drain
157B025030039,2025-07-15 23:00:00,2025-07-16 01:00:00,drain
157B025030039,2025-07-17 00:00:00,2025-07-17 05:00:00,drain
157B025030039,2025-07-22 03:00:00,2025-07-22 13:00:00,drain
157B025030039,2025-07-24 23:00:00,2025-07-25 05:00:00,drain
157B025030039,2025-07-25 07:00:00,2025-07-25 11:00:00,drain
157B025030039,2025-07-31 12:00:00,2025-07-31 16:00:00,drain
157B025030039,2025-08-02 04:00:00,2025-08-02 08:00:00,drain
157B025030039,2025-08-03 02:00:00,2025-08-03 06:00:00,drain
157B025030039,2025-08-09 22:00:00,2025-08-10 07:00:00,drain
157B025030039,2025-08-23 10:00:00,2025-08-23 14:00:00,drain
157B025030039,2025-08-29 09:00:00,2025-08-29 16:00:00,drain
157B025030039,2025-09-03 22:00:00,2025-09-04 01:00:00,drain
157B025030039,2025-09-09 02:00:00,2025-09-09 02:00:00,anomaly
157B025030039,2025-09-10 03:00:00,2025-09-10 03:00:00,anomaly
157B025030039,2025-09-07 19:00:00,2025-09-07 19:00:00,anomaly
157B025030039,2025-09-08 00:00:00,2025-09-08 09:00:00,anomaly
157B025030039,2025-09-08 15:00:00,2025-09-08 16:00:00,anomaly
157B025030039,2025-09-09 08:00:00,2025-09-09 09:00:00,anomaly
157B025030039,2025-09-10 17:00:00,2025-09-10 23:00:00,anomaly
157B025030042,2025-06-26 02:00:00,2025-06-26 03:00:00,anomaly
157B025030042,2025-06-27 00:00:00,2025-06-27 00:00:00,anomaly
157B025030042,2025-06-28 23:00:00,2025-06-28 23:00:00,anomaly
157B025030042,2025-06-30 22:00:00,2025-06-30 22:00:00,anomaly
157B025030042,2025-06-19 02:00:00,2025-06-19 05:00:00,drain
157B025030042,2025-06-21 23:00:00,2025-06-22 06:00:00,drain
157B025030042,2025-06-25 07:00:00,2025-06-25 11:00:00,drain
157B025030042,2025-07-05 22:00:00,2025-07-05 22:00:00,anomaly
157B025030042,2025-07-06 01:00:00,2025-07-06 01:00:00,anomaly
157B025030042,2025-07-09 00:00:00,2025-07-09 00:00:00,anomaly
157B025030042,2025-07-11 02:00:00,2025-07-11 02:00:00,anomaly
157B025030042,2025-07-13 22:00:00,2025-07-13 22:00:00,anomaly
157B025030042,2025-07-14 22:00:00,2025-07-14 22:00:00,anomaly
157B025030042,2025-07-21 00:00:00,2025-07-21 00:00:00,anomaly
157B025030042,2025-07-28 23:00:00,2025-07-28 23:00:00,anomaly
157B025030042,2025-07-30 22:00:00,2025-07-30 22:00:00,anomaly
157B025030042,2025-07-31 03:00:00,2025-07-31 03:00:00,anomaly
157B025030042,2025-08-02 22:00:00,2025-08-02 22:00:00,anomaly
157B025030042,2025-08-04 00:00:00,2025-08-04 00:00:00,anomaly
157B025030042,2025-08-04 03:00:00,2025-08-04 03:00:00,anomaly
157B025030042,2025-08-06 22:00:00,2025-08-06 22:00:00,anomaly
157B025030042,2025-08-07 00:00:00,2025-08-07 00:00:00,anomaly
157B025030042,2025-08-07 05:00:00,2025-08-07 05:00:00,anomaly
157B025030042,2025-08-08 22:00:00,2025-08-08 22:00:00,anomaly
157B025030042,2025-08-09 05:00:00,2025-08-09 05:00:00,anomaly
157B025030042,2025-08-12 00:00:00,2025-08-12 00:00:00,anomaly
157B025030042,2025-08-12 05:00:00,2025-08-12 05:00:00,anomaly
157B025030042,2025-08-12 22:00:00,2025-08-12 22:00:00,anomaly
157B025030042,2025-08-13 23:00:00,2025-08-13 23:00:00,anomaly
157B025030042,2025-08-14 23:00:00,2025-08-14 23:00:00,anomaly
157B025030042,2025-08-16 22:00:00,2025-08-16 22:00:00,anomaly
157B025030042,2025-08-18 23:00:00,2025-08-18 23:00:00,anomaly
157B025030042,2025-08-20 22:00:00,2025-08-20 22:00:00,anomaly
157B025030042,2025-08-22 22:00:00,2025-08-22 23:00:00,anomaly
157B025030042,2025-08-24 22:00:00,2025-08-24 22:00:00,anomaly
157B025030042,2025-08-27 00:00:00,2025-08-27 00:00:00,anomaly
157B025030042,2025-08-27 23:00:00,2025-08-27 23:00:00,anomaly
157B025030042,2025-08-28 23:00:00,2025-08-28 23:00:00,anomaly
157B025030042,2025-09-07 00:00:00,2025-09-07 00:00:00,anomaly
157B025030042,2025-09-07 23:00:00,2025-09-08 00:00:00,anomaly
157B025030042,2025-09-10 03:00:00,2025-09-10 03:00:00,anomaly
157B025030042,2025-07-09 18:00:00,2025-07-09 20:00:00,anomaly
157B025030042,2025-07-12 17:00:00,2025-07-12 18:00:00,anomaly
157B025030042,2025-07-13 00:00:00,2025-07-13 02:00:00,anomaly
157B025030042,2025-07-18 06:00:00,2025-07-18 06:00:00,anomaly
157B025030042,2025-07-20 02:00:00,2025-07-20 02:00:00,anomaly
157B025030042,2025-07-24 09:00:00,2025-07-24 09:00:00,anomaly
157B025030042,2025-07-26 00:00:00,2025-07-27 09:00:00,anomaly
157B025030042,2025-07-27 11:00:00,2025-07-27 21:00:00,anomaly
157B025030042,2025-08-03 16:00:00,2025-08-03 22:00:00,anomaly
157B025030042,2025-08-04 13:00:00,2025-08-06 21:00:00,anomaly
157B025030042,2025-08-08 05:00:00,2025-08-08 11:00:00,anomaly
157B025030042,2025-08-08 14:00:00,2025-08-08 21:00:00,anomaly
157B025030042,2025-08-10 00:00:00,2025-08-10 15:00:00,anomaly
157B025030042,2025-08-10 19:00:00,2025-08-11 15:00:00,anomaly
157B025030042,2025-08-12 21:00:00,2025-08-12 21:00:00,anomaly
157B025030042,2025-08-14 07:00:00,2025-08-14 08:00:00,anomaly
157B025030042,2025-08-16 00:00:00,2025-08-16 03:00:00,anomaly
157B025030042,2025-08-16 05:00:00,2025-08-16 21:00:00,anomaly
157B025030042,2025-08-24 09:00:00,2025-08-24 10:00:00,anomaly
157B025030042,2025-08-24 18:00:00,2025-08-24 21:00:00,anomaly
157B025030042,2025-08-31 13:00:00,2025-09-01 20:00:00,anomaly
157B025030042,2025-09-02 08:00:00,2025-09-06 23:00:00,anomaly
157B025030042,2025-09-07 17:00:00,2025-09-07 22:00:00,anomaly
157B025030042,2025-09-09 23:00:00,2025-09-10 01:00:00,anomaly
157B025030042,2025-09-11 03:00:00,2025-09-12 04:00:00,anomaly
157B025030042,2025-07-14 07:00:00,2025-07-14 12:00:00,drain
157B025030042,2025-07-29 20:00:00,2025-07-30 01:00:00,drain
157B025030042,2025-08-13 12:00:00,2025-08-13 14:00:00,drain
157B025030042,2025-08-15 06:00:00,2025-08-15 11:00:00,drain
157B025030042,2025-08-25 08:00:00,2025-08-25 11:00:00,drain
157B025030042,2025-08-29 06:00:00,2025-08-29 08:00:00,drain
157B025030042,2025-09-07 08:00:00,2025-09-07 11:00:00,drain
157B025030044,2025-06-17 02:00:00,2025-06-17 02:00:00,anomaly
157B025030044,2025-06-24 23:00:00,2025-06-24 23:00:00,anomaly
157B025030044,2025-06-25 02:00:00,2025-06-25 02:00:00,anomaly
157B025030044,2025-06-26 02:00:00,2025-06-26 02:00:00,anomaly
157B025030044,2025-06-27 00:00:00,2025-06-27 01:00:00,anomaly
157B025030044,2025-06-28 23:00:00,2025-06-28 23:00:00,anomaly
157B025030044,2025-06-29 01:00:00,2025-06-29 01:00:00,anomaly
157B025030044,2025-06-29 04:00:00,2025-06-29 04:00:00,anomaly
157B025030044,2025-06-30 23:00:00,2025-06-30 23:00:00,anomaly
157B025030044,2025-07-01 01:00:00,2025-07-01 01:00:00,anomaly
157B025030044,2025-07-03 01:00:00,2025-07-03 01:00:00,anomaly
157B025030044,2025-07-03 23:00:00,2025-07-03 23:00:00,anomaly
157B025030044,2025-07-04 22:00:00,2025-07-04 23:00:00,anomaly
157B025030044,2025-07-07 01:00:00,2025-07-07 01:00:00,anomaly
157B025030044,2025-07-09 01:00:00,2025-07-09 01:00:00,anomaly
157B025030044,2025-07-11 23:00:00,2025-07-11 23:00:00,anomaly
157B025030044,2025-07-13 23:00:00,2025-07-14 00:00:00,anomaly
157B025030044,2025-07-14 23:00:00,2025-07-14 23:00:00,anomaly
157B025030044,2025-07-18 22:00:00,2025-07-18 23:00:00,anomaly
157B025030044,2025-06-26 09:00:00,2025-06-26 13:00:00,drain
157B025030044,2025-06-28 09:00:00,2025-06-28 15:00:00,drain
157B025030044,2025-06-30 08:00:00,2025-06-30 14:00:00,drain
157B025030044,2025-07-02 15:00:00,2025-07-02 17:00:00,drain
157B025030044,2025-07-04 07:00:00,2025-07-04 11:00:00,drain
157B025030044,2025-07-07 23:00:00,2025-07-08 01:00:00,drain
157B025030044,2025-07-14 07:00:00,2025-07-14 11:00:00,drain
157B025030044,2025-07-16 08:00:00,2025-07-16 10:00:00,drain
157B025030044,2025-07-25 22:00:00,2025-07-26 02:00:00,anomaly
157B025030044,2025-07-31 06:00:00,2025-07-31 14:00:00,drain
157B025030044,2025-08-07 07:00:00,2025-08-07 11:00:00,drain
157B025030044,2025-08-15 23:00:00,2025-08-15 23:00:00,anomaly
157B025030044,2025-08-28 22:00:00,2025-08-28 23:00:00,anomaly
157B025030044,2025-08-29 06:00:00,2025-08-29 12:00:00,drain
157B025030044,2025-09-05 22:00:00,2025-09-05 22:00:00,anomaly
157B025030044,2025-09-06 02:00:00,2025-09-06 02:00:00,anomaly
157B025030044,2025-09-06 05:00:00,2025-09-06 05:00:00,anomaly
157B025030044,2025-09-04 06:00:00,2025-09-04 18:00:00,anomaly
157B025030044,2025-09-04 20:00:00,2025-09-05 07:00:00,anomaly
157B025030044,2025-09-05 14:00:00,2025-09-05 16:00:00,anomaly
157B025030044,2025-09-05 18:00:00,2025-09-05 19:00:00,anomaly
157B025030044,2025-09-05 21:00:00,2025-09-05 21:00:00,anomaly
157B025030044,2025-09-06 02:00:00,2025-09-06 05:00:00,anomaly
157B025030046,2025-06-16 00:00:00,2025-06-16 00:00:00,anomaly
157B025030046,2025-06-17 01:00:00,2025-06-17 01:00:00,anomaly
157B025030046,2025-06-23 00:00:00,2025-06-23 00:00:00,anomaly
157B025030046,2025-06-25 00:00:00,2025-06-25 00:00:00,anomaly
157B025030046,2025-06-25 02:00:00,2025-06-25 02:00:00,anomaly
157B025030046,2025-06-27 05:00:00,2025-06-27 05:00:00,anomaly
157B025030046,2025-06-30 23:00:00,2025-07-01 00:00:00,anomaly
157B025030046,2025-06-19 04:00:00,2025-06-19 09:00:00,drain
157B025030046,2025-07-07 04:00:00,2025-07-07 05:00:00,anomaly
157B025030046,2025-07-11 02:00:00,2025-07-11 05:00:00,anomaly
157B025030046,2025-07-11 23:00:00,2025-07-12 07:00:00,drain
157B025030046,2025-07-18 23:00:00,2025-07-19 00:00:00,anomaly
157B025030046,2025-07-19 04:00:00,2025-07-19 05:00:00,anomaly
157B025030046,2025-07-18 02:00:00,2025-07-18 06:00:00,drain
157B025030046,2025-08-15 22:00:00,2025-08-16 03:00:00,anomaly
157B025030046,2025-08-23 00:00:00,2025-08-23 04:00:00,anomaly
157B025030046,2025-08-28 22:00:00,2025-08-28 23:00:00,anomaly
157B025030046,2025-08-29 02:00:00,2025-08-29 05:00:00,anomaly
157B025030046,2025-09-10 03:00:00,2025-09-10 03:00:00,anomaly
157B025030046,2025-09-11 06:00:00,2025-09-12 02:00:00,anomaly
157B025030046,2025-09-14 13:00:00,2025-09-14 17:00:00,drain
157B025030047,2025-06-16 02:00:00,2025-06-16 02:00:00,anomaly
157B025030047,2025-06-17 23:00:00,2025-06-17 23:00:00,anomaly
157B025030047,2025-06-21 01:00:00,2025-06-21 01:00:00,anomaly
157B025030047,2025-06-27 01:00:00,2025-06-27 02:00:00,anomaly
157B025030047,2025-06-29 00:00:00,2025-06-29 00:00:00,anomaly
157B025030047,2025-06-29 23:00:00,2025-06-29 23:00:00,anomaly
157B025030047,2025-06-30 02:00:00,2025-06-30 02:00:00,anomaly
157B025030047,2025-06-30 05:00:00,2025-06-30 05:00:00,anomaly
157B025030047,2025-06-30 23:00:00,2025-06-30 23:00:00,anomaly
157B025030047,2025-07-02 03:00:00,2025-07-02 04:00:00,anomaly
157B025030047,2025-07-07 03:00:00,2025-07-07 03:00:00,anomaly
157B025030047,2025-07-07 23:00:00,2025-07-08 01:00:00,anomaly
157B025030047,2025-07-14 00:00:00,2025-07-14 00:00:00,anomaly
157B025030047,2025-07-15 23:00:00,2025-07-15 23:00:00,anomaly
157B025030047,2025-07-07 20:00:00,2025-07-07 20:00:00,anomaly
157B025030047,2025-06-22 00:00:00,2025-06-22 06:00:00,drain
157B025030047,2025-06-26 18:00:00,2025-06-26 23:00:00,drain
157B025030047,2025-06-29 09:00:00,2025-06-29 16:00:00,drain
157B025030047,2025-07-01 05:00:00,2025-07-01 11:00:00,drain
157B025030047,2025-07-06 08:00:00,2025-07-06 10:00:00,drain
157B025030047,2025-07-06 12:00:00,2025-07-06 15:00:00,drain
157B025030047,2025-07-10 01:00:00,2025-07-10 06:00:00,drain
157B025030047,2025-07-17 04:00:00,2025-07-17 04:00:00,anomaly
157B025030047,2025-07-17 11:00:00,2025-07-17 15:00:00,drain
157B025030047,2025-07-19 01:00:00,2025-07-19 04:00:00,drain
157B025030047,2025-07-22 04:00:00,2025-07-22 04:00:00,anomaly
157B025030047,2025-07-21 13:00:00,2025-07-22 03:00:00,anomaly
157B025030047,2025-07-22 05:00:00,2025-07-22 06:00:00,anomaly
157B025030047,2025-07-23 23:00:00,2025-07-23 23:00:00,anomaly
157B025030047,2025-07-23 14:00:00,2025-07-23 22:00:00,anomaly
157B025030047,2025-07-24 01:00:00,2025-07-24 02:00:00,anomaly
157B025030047,2025-07-24 04:00:00,2025-07-25 00:00:00,anomaly
157B025030047,2025-07-27 01:00:00,2025-07-27 01:00:00,anomaly
157B025030047,2025-07-28 22:00:00,2025-07-28 22:00:00,anomaly
157B025030047,2025-07-29 03:00:00,2025-07-29 03:00:00,anomaly
157B025030047,2025-07-30 22:00:00,2025-07-30 22:00:00,anomaly
157B025030047,2025-07-31 02:00:00,2025-07-31 03:00:00,anomaly
157B025030047,2025-07-31 05:00:00,2025-07-31 05:00:00,anomaly
157B025030047,2025-08-03 05:00:00,2025-08-03 05:00:00,anomaly
157B025030047,2025-08-06 23:00:00,2025-08-06 23:00:00,anomaly
157B025030047,2025-08-07 03:00:00,2025-08-07 03:00:00,anomaly
157B025030047,2025-08-09 22:00:00,2025-08-09 22:00:00,anomaly
157B025030047,2025-08-10 00:00:00,2025-08-10 00:00:00,anomaly
157B025030047,2025-07-26 16:00:00,2025-07-27 05:00:00,anomaly
157B025030047,2025-07-27 07:00:00,2025-07-28 00:00:00,anomaly
157B025030047,2025-07-28 09:00:00,2025-07-28 12:00:00,drain
157B025030047,2025-08-05 06:00:00,2025-08-05 08:00:00,drain
157B025030047,2025-08-11 23:00:00,2025-08-11 23:00:00,anomaly
157B025030047,2025-08-13 22:00:00,2025-08-13 22:00:00,anomaly
157B025030047,2025-08-15 00:00:00,2025-08-15 00:00:00,anomaly
157B025030047,2025-08-18 00:00:00,2025-08-18 01:00:00,anomaly
157B025030047,2025-08-18 23:00:00,2025-08-18 23:00:00,anomaly
157B025030047,2025-08-21 00:00:00,2025-08-21 00:00:00,anomaly
157B025030047,2025-08-22 22:00:00,2025-08-22 22:00:00,anomaly
157B025030047,2025-08-26 23:00:00,2025-08-26 23:00:00,anomaly
157B025030047,2025-09-06 01:00:00,2025-09-06 01:00:00,anomaly
157B025030047,2025-09-07 22:00:00,2025-09-08 01:00:00,anomaly
157B025030047,2025-09-10 03:00:00,2025-09-10 03:00:00,anomaly
157B025030047,2025-09-07 13:00:00,2025-09-07 16:00:00,drain
157B025030047,2025-09-08 08:00:00,2025-09-08 10:00:00,drain
157B025030047,2025-09-08 21:00:00,2025-09-09 03:00:00,drain
157B025030068,2025-06-17 07:00:00,2025-06-17 15:00:00,drain
157B025030068,2025-06-21 23:00:00,2025-06-21 23:00:00,anomaly
157B025030068,2025-07-01 02:00:00,2025-07-01 11:00:00,drain
157B025030068,2025-07-04 23:00:00,2025-07-04 23:00:00,anomaly
157B025030068,2025-07-07 23:00:00,2025-07-07 23:00:00,anomaly
157B025030068,2025-07-09 22:00:00,2025-07-09 22:00:00,anomaly
157B025030068,2025-07-10 22:00:00,2025-07-10 22:00:00,anomaly
157B025030068,2025-07-23 22:00:00,2025-07-23 22:00:00,anomaly
157B025030068,2025-07-27 22:00:00,2025-07-27 22:00:00,anomaly
157B025030068,2025-07-29 01:00:00,2025-07-29 01:00:00,anomaly
157B025030068,2025-07-31 03:00:00,2025-07-31 04:00:00,anomaly
157B025030068,2025-08-06 01:00:00,2025-08-06 02:00:00,anomaly
157B025030068,2025-08-09 02:00:00,2025-08-09 02:00:00,anomaly
157B025030068,2025-08-10 23:00:00,2025-08-10 23:00:00,anomaly
157B025030068,2025-08-11 03:00:00,2025-08-11 03:00:00,anomaly
157B025030068,2025-08-14 23:00:00,2025-08-14 23:00:00,anomaly
157B025030068,2025-08-17 22:00:00,2025-08-17 22:00:00,anomaly
157B025030068,2025-08-26 00:00:00,2025-08-26 00:00:00,anomaly
157B025030068,2025-08-26 05:00:00,2025-08-26 05:00:00,anomaly
157B025030068,2025-08-26 22:00:00,2025-08-26 22:00:00,anomaly
157B025030068,2025-09-07 23:00:00,2025-09-07 23:00:00,anomaly
157B025030068,2025-09-09 00:00:00,2025-09-09 00:00:00,anomaly
157B025030068,2025-09-09 02:00:00,2025-09-09 02:00:00,anomaly
157B025030068,2025-09-10 03:00:00,2025-09-10 03:00:00,anomaly
157B025030068,2025-07-27 11:00:00,2025-07-27 21:00:00,anomaly
157B025030068,2025-09-01 05:00:00,2025-09-01 20:00:00,anomaly
157B025030068,2025-09-03 00:00:00,2025-09-03 01:00:00,anomaly
157B025030068,2025-09-09 17:00:00,2025-09-10 02:00:00,anomaly
157B025030068,2025-09-10 23:00:00,2025-09-11 23:00:00,anomaly
157B025030068,2025-07-10 09:00:00,2025-07-10 11:00:00,drain
157B025030068,2025-07-31 10:00:00,2025-07-31 12:00:00,drain
157B025030068,2025-08-31 11:00:00,2025-09-01 00:00:00,drain
157B025030068,2025-09-14 11:00:00,2025-09-14 17:00:00,drain
157B025030076,2025-06-17 06:00:00,2025-06-17 10:00:00,drain
157B025030076,2025-06-19 03:00:00,2025-06-19 03:00:00,anomaly
157B025030076,2025-06-21 23:00:00,2025-06-21 23:00:00,anomaly
157B025030076,2025-06-22 11:00:00,2025-06-22 12:00:00,anomaly
157B025030076,2025-06-22 14:00:00,2025-06-24 08:00:00,anomaly
157B025030076,2025-06-24 18:00:00,2025-06-25 07:00:00,anomaly
157B025030076,2025-06-26 01:00:00,2025-06-26 01:00:00,anomaly
157B025030076,2025-07-01 02:00:00,2025-07-01 10:00:00,drain
157B025030076,2025-07-06 03:00:00,2025-07-06 04:00:00,anomaly
157B025030076,2025-07-07 00:00:00,2025-07-07 18:00:00,anomaly
157B025030076,2025-07-10 02:00:00,2025-07-10 02:00:00,anomaly
157B025030076,2025-07-26 03:00:00,2025-07-26 03:00:00,anomaly
157B025030076,2025-07-26 22:00:00,2025-07-26 22:00:00,anomaly
157B025030076,2025-07-27 22:00:00,2025-07-27 22:00:00,anomaly
157B025030076,2025-07-29 23:00:00,2025-07-30 03:00:00,anomaly
157B025030076,2025-07-30 22:00:00,2025-07-30 22:00:00,anomaly
157B025030076,2025-07-31 03:00:00,2025-07-31 05:00:00,anomaly
157B025030076,2025-08-11 04:00:00,2025-08-11 04:00:00,anomaly
157B025030076,2025-08-21 04:00:00,2025-08-21 04:00:00,anomaly
157B025030076,2025-07-07 22:00:00,2025-07-09 21:00:00,anomaly
157B025030076,2025-07-23 03:00:00,2025-07-23 03:00:00,anomaly
157B025030076,2025-07-23 08:00:00,2025-07-24 00:00:00,anomaly
157B025030076,2025-07-26 03:00:00,2025-07-26 22:00:00,anomaly
157B025030076,2025-07-27 01:00:00,2025-07-29 01:00:00,anomaly
157B025030076,2025-07-31 04:00:00,2025-07-31 05:00:00,anomaly
157B025030076,2025-08-02 04:00:00,2025-08-02 10:00:00,anomaly
157B025030076,2025-08-02 12:00:00,2025-08-02 12:00:00,anomaly
157B025030076,2025-08-21 08:00:00,2025-08-21 09:00:00,anomaly
157B025030076,2025-08-21 13:00:00,2025-08-21 14:00:00,anomaly
157B025030076,2025-08-21 20:00:00,2025-08-24 00:00:00,anomaly
157B025030076,2025-08-24 04:00:00,2025-08-24 11:00:00,anomaly
157B025030076,2025-08-25 02:00:00,2025-08-25 02:00:00,anomaly
157B025030076,2025-08-25 19:00:00,2025-08-25 21:00:00,anomaly
157B025030076,2025-08-26 07:00:00,2025-08-26 07:00:00,anomaly
157B025030076,2025-08-26 11:00:00,2025-08-26 11:00:00,anomaly
157B025030076,2025-08-26 13:00:00,2025-08-28 08:00:00,anomaly
157B025030076,2025-08-29 01:00:00,2025-08-29 04:00:00,anomaly
157B025030076,2025-08-31 03:00:00,2025-09-01 20:00:00,anomaly
157B025030076,2025-09-02 13:00:00,2025-09-03 17:00:00,anomaly
157B025030076,2025-07-21 06:00:00,2025-07-21 13:00:00,drain
157B025030076,2025-07-22 03:00:00,2025-07-22 08:00:00,drain
157B025030076,2025-09-03 21:00:00,2025-09-07 23:00:00,anomaly
157B025030076,2025-09-08 03:00:00,2025-09-08 10:00:00,anomaly
157B025030076,2025-09-08 20:00:00,2025-09-08 21:00:00,anomaly
157B025030076,2025-09-09 00:00:00,2025-09-11 23:00:00,anomaly
157B025030076,2025-09-14 16:00:00,2025-09-14 16:00:00,anomaly
157B025030077,2025-06-22 00:00:00,2025-06-22 08:00:00,drain
157B025030077,2025-07-13 23:00:00,2025-07-13 23:00:00,anomaly
157B025030077,2025-07-23 23:00:00,2025-07-23 23:00:00,anomaly
157B025030077,2025-07-11 07:00:00,2025-07-11 09:00:00,drain
157B025030077,2025-07-14 22:00:00,2025-07-15 01:00:00,drain
157B025030077,2025-08-09 02:00:00,2025-08-09 02:00:00,anomaly
157B025030077,2025-08-08 07:00:00,2025-08-08 12:00:00,drain
157B025030077,2025-08-14 22:00:00,2025-08-14 23:00:00,anomaly
157B025030077,2025-08-22 23:00:00,2025-08-22 23:00:00,anomaly
157B025030077,2025-09-04 05:00:00,2025-09-06 15:00:00,anomaly
157B025030077,2025-09-11 21:00:00,2025-09-12 00:00:00,drain
157B025030079,2025-06-17 02:00:00,2025-06-17 02:00:00,anomaly
157B025030079,2025-06-17 05:00:00,2025-06-17 05:00:00,anomaly
157B025030079,2025-06-15 09:00:00,2025-06-15 09:00:00,anomaly
157B025030079,2025-06-19 04:00:00,2025-06-19 05:00:00,anomaly
157B025030079,2025-06-28 02:00:00,2025-06-28 03:00:00,anomaly
157B025030079,2025-06-28 05:00:00,2025-06-28 05:00:00,anomaly
157B025030079,2025-06-30 03:00:00,2025-06-30 05:00:00,anomaly
157B025030079,2025-06-30 23:00:00,2025-07-01 00:00:00,anomaly
157B025030079,2025-06-19 01:00:00,2025-06-19 02:00:00,anomaly
157B025030079,2025-06-20 05:00:00,2025-06-20 06:00:00,anomaly
157B025030079,2025-06-20 08:00:00,2025-06-20 11:00:00,anomaly
157B025030079,2025-06-21 13:00:00,2025-06-21 13:00:00,anomaly
157B025030079,2025-06-26 18:00:00,2025-06-26 21:00:00,anomaly
157B025030079,2025-06-27 00:00:00,2025-06-27 00:00:00,anomaly
157B025030079,2025-06-29 01:00:00,2025-06-29 01:00:00,anomaly
157B025030079,2025-06-18 13:00:00,2025-06-18 15:00:00,drain
157B025030079,2025-06-25 08:00:00,2025-06-25 10:00:00,drain
157B025030079,2025-06-29 08:00:00,2025-06-29 10:00:00,drain
157B025030079,2025-07-02 01:00:00,2025-07-02 05:00:00,drain
157B025030079,2025-07-04 00:00:00,2025-07-04 00:00:00,anomaly
157B025030079,2025-07-05 23:00:00,2025-07-05 23:00:00,anomaly
157B025030079,2025-07-06 05:00:00,2025-07-06 05:00:00,anomaly
157B025030079,2025-07-08 02:00:00,2025-07-08 02:00:00,anomaly
157B025030079,2025-07-08 05:00:00,2025-07-08 05:00:00,anomaly
157B025030079,2025-07-10 22:00:00,2025-07-10 23:00:00,anomaly
157B025030079,2025-07-11 02:00:00,2025-07-11 02:00:00,anomaly
157B025030079,2025-07-12 00:00:00,2025-07-12 00:00:00,anomaly
157B025030079,2025-07-13 22:00:00,2025-07-13 22:00:00,anomaly
157B025030079,2025-07-18 23:00:00,2025-07-19 01:00:00,anomaly
157B025030079,2025-07-21 04:00:00,2025-07-21 04:00:00,anomaly
157B025030079,2025-07-05 21:00:00,2025-07-05 22:00:00,anomaly
157B025030079,2025-07-06 09:00:00,2025-07-06 09:00:00,anomaly
157B025030079,2025-07-06 11:00:00,2025-07-06 11:00:00,anomaly
157B025030079,2025-07-07 08:00:00,2025-07-08 01:00:00,anomaly
157B025030079,2025-07-08 18:00:00,2025-07-08 19:00:00,anomaly
157B025030079,2025-07-11 00:00:00,2025-07-11 00:00:00,anomaly
157B025030079,2025-07-12 16:00:00,2025-07-12 16:00:00,anomaly
157B025030079,2025-07-12 18:00:00,2025-07-13 21:00:00,anomaly
157B025030079,2025-07-14 10:00:00,2025-07-15 00:00:00,anomaly
157B025030079,2025-07-15 02:00:00,2025-07-16 11:00:00,anomaly
157B025030079,2025-07-16 13:00:00,2025-07-16 13:00:00,anomaly
157B025030079,2025-07-16 18:00:00,2025-07-17 14:00:00,anomaly
157B025030079,2025-07-17 21:00:00,2025-07-17 21:00:00,anomaly
157B025030079,2025-07-19 21:00:00,2025-07-19 21:00:00,anomaly
157B025030079,2025-07-20 16:00:00,2025-07-20 16:00:00,anomaly
157B025030079,2025-07-20 19:00:00,2025-07-20 19:00:00,anomaly
157B025030079,2025-07-21 02:00:00,2025-07-21 02:00:00,anomaly
157B025030079,2025-08-02 09:00:00,2025-08-02 09:00:00,anomaly
157B025030079,2025-08-02 11:00:00,2025-08-02 11:00:00,anomaly
157B025030079,2025-08-02 15:00:00,2025-08-02 15:00:00,anomaly
157B025030079,2025-08-07 05:00:00,2025-08-09 15:00:00,anomaly
157B025030079,2025-08-15 00:00:00,2025-08-15 00:00:00,anomaly
157B025030079,2025-08-15 03:00:00,2025-08-15 03:00:00,anomaly
157B025030079,2025-08-14 17:00:00,2025-08-14 17:00:00,anomaly
157B025030079,2025-08-14 22:00:00,2025-08-14 22:00:00,anomaly
157B025030079,2025-08-21 22:00:00,2025-08-21 23:00:00,anomaly
157B025030079,2025-08-22 23:00:00,2025-08-22 23:00:00,anomaly
157B025030079,2025-08-21 22:00:00,2025-08-21 22:00:00,anomaly
157B025030079,2025-08-22 08:00:00,2025-08-22 10:00:00,anomaly
157B025030079,2025-08-22 13:00:00,2025-08-22 14:00:00,anomaly
157B025030079,2025-08-23 14:00:00,2025-08-23 15:00:00,anomaly
157B025030079,2025-08-28 23:00:00,2025-08-28 23:00:00,anomaly
157B025030079,2025-09-04 22:00:00,2025-09-04 23:00:00,anomaly
157B025030079,2025-09-04 05:00:00,2025-09-04 22:00:00,anomaly
157B025030079,2025-09-06 04:00:00,2025-09-06 15:00:00,anomaly
157B025030079,2025-09-05 09:00:00,2025-09-05 15:00:00,drain
157B025030079,2025-09-10 17:00:00,2025-09-12 06:00:00,anomaly
157B025030079,2025-09-14 15:00:00,2025-09-14 15:00:00,anomaly
157B025030085,2025-06-17 02:00:00,2025-06-17 03:00:00,anomaly
157B025030085,2025-06-17 05:00:00,2025-06-17 05:00:00,anomaly
157B025030085,2025-06-19 01:00:00,2025-06-19 01:00:00,anomaly
157B025030085,2025-06-21 00:00:00,2025-06-21 01:00:00,anomaly
157B025030085,2025-06-26 00:00:00,2025-06-26 02:00:00,anomaly
157B025030085,2025-06-29 00:00:00,2025-06-29 04:00:00,anomaly
157B025030085,2025-06-22 00:00:00,2025-06-22 07:00:00,drain
157B025030085,2025-07-04 22:00:00,2025-07-04 22:00:00,anomaly
157B025030085,2025-07-05 01:00:00,2025-07-05 01:00:00,anomaly
157B025030085,2025-07-06 01:00:00,2025-07-06 01:00:00,anomaly
157B025030085,2025-07-06 03:00:00,2025-07-06 04:00:00,anomaly
157B025030085,2025-07-04 12:00:00,2025-07-04 12:00:00,anomaly
157B025030085,2025-07-04 14:00:00,2025-07-04 15:00:00,anomaly
157B025030085,2025-07-04 17:00:00,2025-07-04 17:00:00,anomaly
157B025030085,2025-07-05 01:00:00,2025-07-05 05:00:00,anomaly
157B025030085,2025-07-05 07:00:00,2025-07-06 00:00:00,anomaly
157B025030085,2025-07-06 03:00:00,2025-07-06 08:00:00,anomaly
157B025030085,2025-07-03 10:00:00,2025-07-03 12:00:00,drain
157B025030085,2025-07-14 23:00:00,2025-07-14 23:00:00,anomaly
157B025030085,2025-07-21 23:00:00,2025-07-22 02:00:00,anomaly
157B025030085,2025-07-21 06:00:00,2025-07-21 06:00:00,anomaly
157B025030085,2025-07-31 18:00:00,2025-07-31 18:00:00,anomaly
157B025030085,2025-08-02 08:00:00,2025-08-02 09:00:00,anomaly
157B025030085,2025-08-09 03:00:00,2025-08-09 05:00:00,anomaly
157B025030085,2025-08-07 05:00:00,2025-08-09 02:00:00,anomaly
157B025030085,2025-08-15 00:00:00,2025-08-15 00:00:00,anomaly
157B025030085,2025-08-15 05:00:00,2025-08-15 05:00:00,anomaly
157B025030085,2025-08-15 22:00:00,2025-08-15 22:00:00,anomaly
157B025030085,2025-08-16 00:00:00,2025-08-16 00:00:00,anomaly
157B025030085,2025-08-14 05:00:00,2025-08-14 10:00:00,anomaly
157B025030085,2025-08-14 16:00:00,2025-08-14 20:00:00,anomaly
157B025030085,2025-08-14 23:00:00,2025-08-15 01:00:00,anomaly
157B025030085,2025-08-15 11:00:00,2025-08-15 13:00:00,drain
157B025030085,2025-08-16 06:00:00,2025-08-16 15:00:00,drain
157B025030085,2025-08-21 07:00:00,2025-08-21 09:00:00,drain
157B025030087,2025-06-17 00:00:00,2025-06-17 02:00:00,anomaly
157B025030087,2025-06-16 07:00:00,2025-06-16 07:00:00,anomaly
157B025030087,2025-06-15 09:00:00,2025-06-15 11:00:00,drain
157B025030087,2025-06-18 09:00:00,2025-06-18 14:00:00,drain
157B025030087,2025-06-21 05:00:00,2025-06-21 05:00:00,anomaly
157B025030087,2025-06-21 22:00:00,2025-06-21 22:00:00,anomaly
157B025030087,2025-06-23 03:00:00,2025-06-23 03:00:00,anomaly
157B025030087,2025-06-28 03:00:00,2025-06-28 04:00:00,anomaly
157B025030087,2025-06-29 04:00:00,2025-06-29 04:00:00,anomaly
157B025030087,2025-06-30 00:00:00,2025-06-30 02:00:00,anomaly
157B025030087,2025-06-30 04:00:00,2025-06-30 04:00:00,anomaly
157B025030087,2025-07-01 03:00:00,2025-07-01 03:00:00,anomaly
157B025030087,2025-07-02 04:00:00,2025-07-02 04:00:00,anomaly
157B025030087,2025-06-21 15:00:00,2025-06-21 21:00:00,drain
157B025030087,2025-06-23 11:00:00,2025-06-23 16:00:00,drain
157B025030087,2025-07-01 17:00:00,2025-07-01 21:00:00,drain
157B025030087,2025-07-03 22:00:00,2025-07-03 22:00:00,anomaly
157B025030087,2025-07-04 00:00:00,2025-07-04 01:00:00,anomaly
157B025030087,2025-07-05 01:00:00,2025-07-05 01:00:00,anomaly
157B025030087,2025-07-05 23:00:00,2025-07-06 00:00:00,anomaly
157B025030087,2025-07-07 01:00:00,2025-07-07 01:00:00,anomaly
157B025030087,2025-07-08 03:00:00,2025-07-08 05:00:00,anomaly
157B025030087,2025-07-03 08:00:00,2025-07-03 08:00:00,anomaly
157B025030087,2025-07-05 13:00:00,2025-07-05 17:00:00,drain
157B025030087,2025-07-05 20:00:00,2025-07-05 22:00:00,drain
157B025030087,2025-07-06 11:00:00,2025-07-06 16:00:00,drain
157B025030087,2025-07-06 20:00:00,2025-07-07 00:00:00,drain
157B025030087,2025-07-07 11:00:00,2025-07-07 15:00:00,drain
157B025030087,2025-07-08 14:00:00,2025-07-08 18:00:00,drain
157B025030087,2025-07-10 07:00:00,2025-07-10 07:00:00,anomaly
157B025030087,2025-07-11 00:00:00,2025-07-11 02:00:00,anomaly
157B025030087,2025-07-10 19:00:00,2025-07-10 22:00:00,anomaly
157B025030087,2025-07-12 14:00:00,2025-07-12 14:00:00,anomaly
157B025030087,2025-07-11 10:00:00,2025-07-11 12:00:00,drain
157B025030087,2025-07-11 14:00:00,2025-07-12 05:00:00,drain
157B025030087,2025-07-12 20:00:00,2025-07-12 23:00:00,anomaly
157B025030087,2025-07-13 22:00:00,2025-07-13 22:00:00,anomaly
157B025030087,2025-07-14 04:00:00,2025-07-14 04:00:00,anomaly
157B025030087,2025-07-18 23:00:00,2025-07-19 00:00:00,anomaly
157B025030087,2025-07-13 20:00:00,2025-07-13 21:00:00,anomaly
157B025030087,2025-07-15 19:00:00,2025-07-15 19:00:00,anomaly
157B025030087,2025-07-16 07:00:00,2025-07-16 09:00:00,anomaly
157B025030087,2025-07-17 10:00:00,2025-07-18 00:00:00,drain
157B025030087,2025-07-18 16:00:00,2025-07-18 21:00:00,drain
157B025030087,2025-07-19 07:00:00,2025-07-19 19:00:00,drain
157B025030087,2025-07-31 03:00:00,2025-07-31 03:00:00,anomaly
157B025030087,2025-07-31 05:00:00,2025-07-31 05:00:00,anomaly
157B025030087,2025-08-02 05:00:00,2025-08-02 05:00:00,anomaly
157B025030087,2025-07-26 02:00:00,2025-07-26 02:00:00,anomaly
157B025030087,2025-07-26 05:00:00,2025-07-26 07:00:00,anomaly
157B025030087,2025-07-26 11:00:00,2025-07-26 11:00:00,anomaly
157B025030087,2025-07-26 14:00:00,2025-07-26 15:00:00,anomaly
157B025030087,2025-07-26 17:00:00,2025-07-26 20:00:00,anomaly
157B025030087,2025-07-27 00:00:00,2025-07-27 11:00:00,anomaly
157B025030087,2025-07-27 16:00:00,2025-07-30 20:00:00,anomaly
157B025030087,2025-08-12 04:00:00,2025-08-12 05:00:00,anomaly
157B025030087,2025-08-13 01:00:00,2025-08-13 01:00:00,anomaly
157B025030087,2025-08-23 02:00:00,2025-08-23 02:00:00,anomaly
157B025030087,2025-08-28 03:00:00,2025-08-28 04:00:00,anomaly
157B025030087,2025-08-29 01:00:00,2025-08-29 01:00:00,anomaly
157B025030087,2025-09-06 02:00:00,2025-09-06 02:00:00,anomaly
157B025030087,2025-09-10 04:00:00,2025-09-10 04:00:00,anomaly
157B025030087,2025-09-10 07:00:00,2025-09-10 08:00:00,anomaly
157B025030087,2025-09-10 23:00:00,2025-09-11 02:00:00,anomaly
157B025030087,2025-08-11 08:00:00,2025-08-11 19:00:00,drain
157B025030087,2025-08-13 13:00:00,2025-08-13 19:00:00,drain
157B025030087,2025-08-16 13:00:00,2025-08-16 17:00:00,drain
157B025030087,2025-08-20 10:00:00,2025-08-21 02:00:00,drain
157B025030087,2025-08-30 14:00:00,2025-08-30 21:00:00,drain
157B025030087,2025-09-09 04:00:00,2025-09-09 10:00:00,drain
157B025030087,2025-09-12 05:00:00,2025-09-12 09:00:00,drain
157B025030091,2025-06-16 23:00:00,2025-06-17 00:00:00,anomaly
157B025030091,2025-06-21 05:00:00,2025-06-21 05:00:00,anomaly
157B025030091,2025-06-25 00:00:00,2025-06-25 00:00:00,anomaly
157B025030091,2025-06-28 03:00:00,2025-06-28 04:00:00,anomaly
157B025030091,2025-06-30 03:00:00,2025-06-30 04:00:00,anomaly
157B025030091,2025-06-30 22:00:00,2025-06-30 23:00:00,anomaly
157B025030091,2025-06-21 16:00:00,2025-06-21 21:00:00,drain
157B025030091,2025-07-05 22:00:00,2025-07-05 23:00:00,anomaly
157B025030091,2025-07-10 22:00:00,2025-07-11 01:00:00,anomaly
157B025030091,2025-07-13 23:00:00,2025-07-13 23:00:00,anomaly
157B025030091,2025-07-18 22:00:00,2025-07-18 23:00:00,anomaly
157B025030091,2025-07-25 00:00:00,2025-07-25 01:00:00,anomaly
157B025030091,2025-07-11 22:00:00,2025-07-12 03:00:00,drain
157B025030091,2025-07-31 11:00:00,2025-07-31 15:00:00,drain
157B025030091,2025-08-01 21:00:00,2025-08-02 04:00:00,drain
157B025030091,2025-08-15 00:00:00,2025-08-15 01:00:00,anomaly
157B025030091,2025-08-15 03:00:00,2025-08-15 03:00:00,anomaly
157B025030091,2025-08-21 22:00:00,2025-08-21 23:00:00,anomaly
157B025030091,2025-08-22 23:00:00,2025-08-23 00:00:00,anomaly
157B025030091,2025-08-28 23:00:00,2025-08-28 23:00:00,anomaly
157B025030091,2025-09-04 22:00:00,2025-09-05 00:00:00,anomaly
157B025030091,2025-09-05 07:00:00,2025-09-05 12:00:00,drain
157B025030093,2025-06-27 01:00:00,2025-06-27 01:00:00,anomaly
157B025030093,2025-06-27 03:00:00,2025-06-27 03:00:00,anomaly
157B025030093,2025-06-27 05:00:00,2025-06-27 05:00:00,anomaly
157B025030093,2025-06-28 02:00:00,2025-06-28 02:00:00,anomaly
157B025030093,2025-07-05 02:00:00,2025-07-05 03:00:00,anomaly
157B025030093,2025-07-05 05:00:00,2025-07-05 05:00:00,anomaly
157B025030093,2025-07-08 04:00:00,2025-07-08 04:00:00,anomaly
157B025030093,2025-07-10 00:00:00,2025-07-10 00:00:00,anomaly
157B025030093,2025-07-10 23:00:00,2025-07-10 23:00:00,anomaly
157B025030093,2025-07-05 13:00:00,2025-07-05 18:00:00,drain
157B025030093,2025-07-11 08:00:00,2025-07-11 12:00:00,drain
157B025030093,2025-07-15 01:00:00,2025-07-15 01:00:00,anomaly
157B025030093,2025-07-15 04:00:00,2025-07-15 04:00:00,anomaly
157B025030093,2025-07-17 01:00:00,2025-07-17 01:00:00,anomaly
157B025030093,2025-07-15 23:00:00,2025-07-16 01:00:00,drain
157B025030093,2025-07-31 04:00:00,2025-07-31 04:00:00,anomaly
157B025030093,2025-08-14 22:00:00,2025-08-14 22:00:00,anomaly
157B025030093,2025-08-22 02:00:00,2025-08-22 06:00:00,drain
157B025030093,2025-09-10 03:00:00,2025-09-10 03:00:00,anomaly
157B025030093,2025-09-13 04:00:00,2025-09-13 04:00:00,anomaly
