msgTime,liquidLevelValue,liquidLevel_clean,is_outlier,liquidLevel_clean_smooth,roll_slope,mask_final,is_drain
2025-06-15 00:00:00,1.06,1.06,0.0,1.06,,False,False
2025-06-15 01:00:00,1.04,1.04,0.0,1.04,,False,False
2025-06-15 02:00:00,0.653,0.653,0.0,0.653,,False,False
2025-06-15 03:00:00,1.075,1.075,0.0,1.075,,False,False
2025-06-15 04:00:00,1.1,1.1,0.0,1.1,,False,False
2025-06-15 05:00:00,0.906,0.906,0.0,0.906,-0.004799999999306065,False,False
2025-06-15 06:00:00,1.0,1.0,0.0,1.0,0.016685714282110242,False,False
2025-06-15 07:00:00,0.844,0.844,0.0,0.844,0.015314285717457306,False,False
2025-06-15 08:00:00,1.012,1.012,0.0,1.012,-0.028257142856664783,False,False
2025-06-15 09:00:00,0.769,0.769,0.0,0.769,-0.04265714285720931,False,False
2025-06-15 10:00:00,0.86,0.86,0.0,0.86,-0.021571428572099486,False,False
2025-06-15 12:00:00,0.906,0.906,0.0,0.833,-0.024357142857035784,False,False
2025-06-15 13:00:00,0.833,0.833,0.0,0.833,-0.011236024844074722,False,False
2025-06-15 14:00:00,0.788,0.788,0.0,0.788,-0.020392857143165827,False,False
2025-06-15 15:00:00,0.653,0.653,0.0,0.653,-0.0167080745350988,False,False
2025-06-15 16:00:00,0.619,0.619,0.0,0.619,-0.042457142857630435,False,False
2025-06-15 17:00:00,0.606,0.606,0.0,0.606,-0.0546285714266376,False,False
2025-06-15 18:00:00,0.733,0.733,0.0,0.733,-0.03085714285738223,False,False
2025-06-15 19:00:00,0.8,0.8,0.0,0.8,0.008200000000828203,False,False
2025-06-15 20:00:00,0.553,0.553,0.0,0.553,0.004857142857480127,False,False
2025-06-15 21:00:00,0.531,0.531,0.0,0.531,-0.015199999997936852,False,False
2025-06-15 22:00:00,0.547,0.547,0.0,0.547,-0.032799999995081694,False,False
2025-06-15 23:00:00,0.531,0.531,0.0,0.531,-0.05117142857255937,False,False
2025-06-16 00:00:00,0.46,0.46,0.0,0.547,-0.037571428571353836,False,False
2025-06-16 01:00:00,1.213,1.213,0.0,1.213,0.09519999999728938,False,False
2025-06-16 02:00:00,1.383,1.383,0.0,1.383,0.17925714284949262,False,False
2025-06-16 03:00:00,1.4,1.4,0.0,1.4,0.21391428572065005,False,False
2025-06-16 04:00:00,1.58,1.58,0.0,1.4,0.20211428570918893,False,False
2025-06-16 05:00:00,1.569,1.569,0.0,1.4,0.13837142857086854,False,False
2025-06-16 06:00:00,1.094,1.094,0.0,1.094,-0.015542857146765633,False,False
2025-06-16 07:00:00,0.893,0.893,0.0,0.893,-0.09622857142837155,False,False
2025-06-16 08:00:00,0.75,0.75,0.0,0.75,-0.14505714286035098,False,False
2025-06-16 09:00:00,0.733,0.733,0.0,0.733,-0.15674285713736036,False,False
2025-06-16 10:00:00,0.906,0.906,0.0,0.906,-0.10559999999806502,False,False
2025-06-16 11:00:00,0.825,0.825,0.0,0.825,-0.037799999999817764,False,False
2025-06-16 12:00:00,0.7,0.7,0.0,0.7,-0.016200000000162064,False,False
2025-06-16 13:00:00,0.633,0.633,0.0,0.633,-0.02185714285728275,False,False
2025-06-16 14:00:00,0.538,0.538,0.0,0.588,-0.04768571428225666,False,False
2025-06-16 15:00:00,0.56,0.56,0.0,0.56,-0.07165714285863563,False,False
2025-06-16 16:00:00,0.588,0.588,0.0,0.588,-0.04714285714385469,False,False
2025-06-16 17:00:00,0.65,0.65,0.0,0.65,-0.011799999999806684,False,False
2025-06-16 18:00:00,0.68,0.68,0.0,0.68,0.012828571428634734,False,False
2025-06-16 19:00:00,0.638,0.638,0.0,0.638,0.019199999999715462,False,False
2025-06-16 20:00:00,0.7,0.7,0.0,0.7,0.025142857144111748,False,False
2025-06-16 21:00:00,0.594,0.594,0.0,0.7,0.019085714285553192,False,False
2025-06-16 22:00:00,1.393,1.393,0.0,1.393,0.10962857142938111,False,False
2025-06-16 23:00:00,1.7,1.7,0.0,1.7,0.2104285714216897,False,False
2025-06-17 00:00:00,1.893,1.893,0.0,1.7,0.2572285714255694,False,False
2025-06-17 01:00:00,1.833,1.833,0.0,1.7,0.23734285714190245,False,False
2025-06-17 02:00:00,1.144,1.144,0.0,1.144,0.08974285714534441,False,False
2025-06-17 03:00:00,1.1,1.1,0.0,1.1,-0.08951428572226879,False,False
2025-06-17 04:00:00,1.078,1.078,0.0,1.078,-0.15617142857251712,False,False
2025-06-17 05:00:00,1.047,1.047,0.0,1.047,-0.14785714284979576,False,False
2025-06-17 06:00:00,0.967,0.967,0.0,0.967,-0.1136571428582126,False,False
2025-06-17 07:00:00,0.959,0.959,0.0,0.959,-0.03871428571285048,False,False
2025-06-17 08:00:00,0.956,0.956,0.0,0.956,-0.03305714285563348,False,False
2025-06-17 09:00:00,0.969,0.969,0.0,0.969,-0.02360000000045487,False,False
2025-06-17 10:00:00,0.906,0.906,0.0,0.906,-0.020057142857410313,False,False
2025-06-17 11:00:00,0.906,0.906,0.0,0.906,-0.012885714286065221,False,False
2025-06-17 12:00:00,0.973,0.973,0.0,0.973,-0.004085714285527913,False,False
2025-06-18 09:00:00,2.927,2.927,0.0,1.307,0.015453234750412801,False,False
2025-06-18 10:00:00,1.95,1.95,0.0,1.307,0.01590621336463278,False,False
2025-06-18 11:00:00,1.307,1.307,0.0,1.307,0.01646520376172924,False,False
2025-06-18 12:00:00,1.194,1.194,0.0,1.194,0.014444548651740378,False,False
2025-06-18 13:00:00,1.0,1.0,0.0,1.0,0.009015896487971227,False,False
2025-06-18 14:00:00,0.9,0.9,0.0,0.9,-0.08768571428945891,False,False
2025-06-18 15:00:00,0.847,0.847,0.0,0.847,-0.10614285714724525,False,False
2025-06-18 16:00:00,1.075,1.075,0.0,1.075,-0.06574285713999728,False,False
2025-06-18 17:00:00,0.919,0.919,0.0,0.919,-0.034371428572480524,False,False
2025-06-18 18:00:00,0.94,0.94,0.0,0.94,-0.0004285714269972568,False,False
2025-06-18 19:00:00,0.962,0.962,0.0,0.962,0.012371428571298046,False,False
2025-06-18 20:00:00,0.919,0.919,0.0,0.919,0.0012000000015994188,False,False
2025-06-18 21:00:00,3.564,3.564,0.0,3.564,0.35619999998536983,False,False
2025-06-18 22:00:00,3.5,3.5,0.0,3.5,0.5924000000285544,False,False
2025-06-18 23:00:00,3.6,3.6,0.0,3.6,0.6731142857102115,False,False
2025-06-19 00:00:00,3.42,3.42,0.0,3.42,0.5791142856974746,False,False
2025-06-19 01:00:00,4.044,4.044,0.0,4.044,0.43694285714126646,False,False
2025-06-19 02:00:00,4.025,4.025,0.0,4.025,0.10734285714045083,False,False
2025-06-19 03:00:00,1.85,1.85,0.0,1.85,-0.1814571428273592,False,False
2025-06-19 04:00:00,1.588,1.588,0.0,1.588,-0.4225428571676602,True,False
2025-06-19 05:00:00,1.613,1.613,0.0,1.588,-0.5343714286114122,True,False
2025-06-19 07:00:00,1.416,1.416,0.0,1.416,-0.486814285703096,True,False
2025-06-19 08:00:00,1.22,1.22,0.0,1.22,-0.3325403726769044,True,False
2025-06-19 09:00:00,1.207,1.207,0.0,1.215,-0.10046428571211426,False,False
2025-06-19 10:00:00,1.215,1.215,0.0,1.207,-0.07607453416164661,False,False
2025-06-19 11:00:00,1.2,1.2,0.0,1.2,-0.06712857142921155,False,False
2025-06-19 12:00:00,1.138,1.138,0.0,1.138,-0.04165714285738692,False,False
2025-06-19 13:00:00,1.081,1.081,0.0,1.127,-0.020085714284669477,False,False
2025-06-19 14:00:00,1.127,1.127,0.0,1.081,-0.027771428571339855,False,False
2025-06-19 15:00:00,1.038,1.038,0.0,1.038,-0.03465714285701686,False,False
2025-06-19 16:00:00,0.925,0.925,0.0,0.925,-0.0491714285717386,False,False
2025-06-19 17:00:00,0.912,0.912,0.0,0.912,-0.05082857142575927,False,False
2025-06-19 19:00:00,0.85,0.85,0.0,0.85,-0.04891428571436885,False,False
2025-06-19 20:00:00,1.04,1.04,0.0,1.04,-0.016757763975257075,False,False
2025-06-19 21:00:00,0.965,0.965,0.0,0.965,-0.0018214285706474396,False,False
2025-06-19 22:00:00,0.925,0.925,0.0,0.925,0.007819875776455005,False,False
2025-06-19 23:00:00,0.856,0.856,0.0,0.856,-0.0022428571428843875,False,False
2025-06-20 00:00:00,0.767,0.767,0.0,0.767,-0.028771428568784573,False,False
2025-06-20 01:00:00,1.044,1.044,0.0,1.044,-0.01837142857197563,False,False
2025-06-20 03:00:00,0.933,0.933,0.0,0.933,0.003085714285298551,False,False
2025-06-20 04:00:00,0.959,0.959,0.0,0.933,0.011950310558979601,False,False
2025-06-20 05:00:00,0.747,0.747,0.0,0.747,-0.003785714284690297,False,False
2025-06-20 06:00:00,0.744,0.744,0.0,0.744,-0.022037267078695497,False,False
2025-06-20 07:00:00,0.693,0.693,0.0,0.694,-0.06198571428238498,False,False
2025-06-20 08:00:00,0.581,0.581,0.0,0.694,-0.05471428571600153,False,False
2025-06-20 09:00:00,0.694,0.694,0.0,0.694,-0.04011428571469069,False,False
2025-06-20 10:00:00,0.783,0.783,0.0,0.783,0.0008571428574739145,False,False
2025-06-20 11:00:00,0.8,0.8,0.0,0.8,0.01562857142922517,False,False
2025-06-20 12:00:00,0.738,0.738,0.0,0.738,0.017914285713859432,False,False
2025-06-20 13:00:00,0.8,0.8,0.0,0.8,0.019400000000052035,False,False
2025-06-20 14:00:00,0.681,0.681,0.0,0.681,-0.002171428571278442,False,False
2025-06-20 15:00:00,0.7,0.7,0.0,0.7,-0.020285714285342444,False,False
2025-06-20 16:00:00,0.865,0.865,0.0,0.865,0.0026285714273193337,False,False
2025-06-20 17:00:00,0.756,0.756,0.0,0.756,0.00868571428608742,False,False
2025-06-20 18:00:00,0.825,0.825,0.0,0.825,0.01471428571255541,False,False
2025-06-20 19:00:00,0.9,0.9,0.0,0.9,0.0388857142858018,False,False
2025-06-20 20:00:00,0.887,0.887,0.0,0.887,0.031685714285938554,False,False
2025-06-20 21:00:00,0.719,0.719,0.0,0.719,-0.007485714285890446,False,False
2025-06-20 22:00:00,0.65,0.65,0.0,0.65,-0.02459999999789266,False,False
2025-06-20 23:00:00,0.735,0.735,0.0,0.735,-0.0390857142848131,False,False
2025-06-21 00:00:00,0.624,0.624,0.0,0.624,-0.05442857142915653,False,False
2025-06-21 01:00:00,1.0,1.0,0.0,1.0,0.010428571427023157,False,False
2025-06-21 02:00:00,0.958,0.958,0.0,0.958,0.06097142856878031,False,False
2025-06-21 03:00:00,1.0,1.0,0.0,1.0,0.07985714285907579,False,False
2025-06-21 04:00:00,0.96,0.96,0.0,1.0,0.06888571428349864,False,False
2025-06-21 05:00:00,1.188,1.188,0.0,1.188,0.08177142857373718,False,False
2025-06-21 06:00:00,1.433,1.433,0.0,1.433,0.0815714285654346,False,False
2025-06-21 07:00:00,1.525,1.525,0.0,1.433,0.11034285714188992,False,False
2025-06-21 08:00:00,1.531,1.531,0.0,1.531,0.11997142857028859,False,False
2025-06-21 09:00:00,1.327,1.327,0.0,1.531,0.10525714285708059,False,False
2025-06-21 11:00:00,1.688,1.688,0.0,1.688,0.07142857142803312,False,False
2025-06-21 12:00:00,2.275,2.275,0.0,2.275,0.11752173913008462,False,False
2025-06-21 13:00:00,3.162,3.162,0.0,3.162,0.2439999999912816,False,False
2025-06-21 14:00:00,3.287,3.287,0.0,3.287,0.31898136645345504,False,False
2025-06-21 15:00:00,4.425,4.425,0.0,4.394,0.4796285714265585,False,False
2025-06-21 16:00:00,4.481,4.481,0.0,4.394,0.5717714285652155,False,False
2025-06-21 18:00:00,4.394,4.394,0.0,4.394,0.3618000000020119,False,False
2025-06-21 19:00:00,4.231,4.231,0.0,4.231,0.18648447204845794,False,False
2025-06-21 20:00:00,4.056,4.056,0.0,4.056,0.07075000000130964,False,False
2025-06-21 21:00:00,3.775,3.775,0.0,3.775,-0.09351552794687296,False,False
2025-06-21 22:00:00,3.793,3.793,0.0,3.793,-0.12022857143220228,False,False
2025-06-21 23:00:00,4.312,4.312,0.0,4.312,-0.057285714285197506,False,False
2025-06-22 01:00:00,3.914,3.914,0.0,3.914,-0.02138571428597004,False,False
2025-06-22 02:00:00,3.412,3.412,0.0,3.412,-0.058509316771751044,False,False
2025-06-22 03:00:00,2.488,2.488,0.0,2.488,-0.17932142858132746,False,False
2025-06-22 04:00:00,1.453,1.453,0.0,1.453,-0.3907329192349509,True,False
2025-06-22 05:00:00,1.125,1.125,0.0,1.125,-0.5849571428715917,True,False
2025-06-22 06:00:00,1.35,1.35,0.0,1.35,-0.5918857142838507,True,False
2025-06-22 07:00:00,1.264,1.264,0.0,1.264,-0.41377142856012955,True,False
2025-06-22 08:00:00,1.2,1.2,0.0,1.2,-0.19377142856745289,False,False
2025-06-22 09:00:00,1.033,1.033,0.0,1.033,-0.056028571430098456,False,False
2025-06-22 10:00:00,1.0,1.0,0.0,1.0,-0.04685714285727535,False,False
2025-06-22 11:00:00,0.812,0.812,0.0,0.812,-0.10425714285270271,False,False
2025-06-22 12:00:00,0.8,0.8,0.0,0.8,-0.10048571428786209,False,False
2025-06-22 13:00:00,0.638,0.638,0.0,0.638,-0.10562857142890811,False,False
2025-06-22 14:00:00,0.586,0.586,0.0,0.586,-0.09522857142613694,False,False
2025-06-22 15:00:00,0.6,0.6,0.0,0.6,-0.08114285714174631,False,False
2025-06-22 16:00:00,0.706,0.706,0.0,0.706,-0.03377142857203735,False,False
2025-06-22 17:00:00,0.656,0.656,0.0,0.656,-0.0143428571445149,False,False
2025-06-22 18:00:00,0.627,0.627,0.0,0.627,0.007457142857739895,False,False
2025-06-22 19:00:00,0.756,0.756,0.0,0.631,0.007314285714002814,False,False
2025-06-22 20:00:00,0.631,0.631,0.0,0.631,-0.0028285714296914432,False,False
2025-06-22 21:00:00,0.631,0.631,0.0,0.631,-0.012742857142584193,False,False
2025-06-22 23:00:00,0.62,0.62,0.0,0.62,-0.004142857142865455,False,False
2025-06-23 00:00:00,0.665,0.665,0.0,0.665,0.0035465838509363967,False,False
2025-06-23 01:00:00,0.567,0.567,0.0,0.567,-0.004821428571049316,False,False
2025-06-23 02:00:00,0.781,0.781,0.0,0.781,0.012590062111961528,False,False
2025-06-23 03:00:00,0.806,0.806,0.0,0.806,0.02902857142726402,False,False
2025-06-23 04:00:00,0.738,0.738,0.0,0.738,0.035057142857730914,False,False
2025-06-23 06:00:00,0.831,0.831,0.0,0.831,0.03358571428364348,False,False
2025-06-23 07:00:00,0.669,0.669,0.0,0.669,0.012372670807290589,False,False
2025-06-23 08:00:00,1.22,1.22,0.0,1.22,0.04057142856831824,False,False
2025-06-23 09:00:00,1.507,1.507,0.0,1.22,0.07308074534018774,False,False
2025-06-23 10:00:00,1.227,1.227,0.0,1.22,0.09895714285354963,False,False
2025-06-23 11:00:00,1.1,1.1,0.0,1.1,0.08565714285743915,False,False
2025-06-23 12:00:00,0.923,0.923,0.0,0.923,0.02600000000760383,False,False
2025-06-23 13:00:00,0.9,0.9,0.0,0.9,-0.0745999999997766,False,False
2025-06-23 14:00:00,0.856,0.856,0.0,0.856,-0.08448571428681627,False,False
2025-06-23 15:00:00,0.956,0.956,0.0,0.956,-0.05928571428585882,False,False
2025-06-23 16:00:00,0.712,0.712,0.0,0.712,-0.053857142857343124,False,False
2025-06-23 17:00:00,0.875,0.875,0.0,0.875,-0.020114285713628836,False,False
2025-06-23 18:00:00,0.788,0.788,0.0,0.788,-0.021342857142560512,False,False
2025-06-23 19:00:00,0.857,0.857,0.0,0.857,-0.009599999999501342,False,False
2025-06-23 20:00:00,0.7,0.7,0.0,0.7,-0.026628571428672605,False,False
2025-06-23 21:00:00,0.813,0.813,0.0,0.813,0.0014000000001502242,False,False
2025-06-23 22:00:00,0.656,0.656,0.0,0.813,-0.011200000000408284,False,False
2025-06-23 23:00:00,0.82,0.82,0.0,0.82,0.004028571428858947,False,False
2025-06-24 00:00:00,0.888,0.888,0.0,0.888,0.014714285715862727,False,False
2025-06-24 01:00:00,1.069,1.069,0.0,0.994,0.04862857142892744,False,False
2025-06-24 02:00:00,0.994,0.994,0.0,0.994,0.043314285714117245,False,False
2025-06-24 03:00:00,1.083,1.083,0.0,1.083,0.056514285714021915,False,False
2025-06-24 04:00:00,1.1,1.1,0.0,1.1,0.056714285715396134,False,False
2025-06-24 05:00:00,1.113,1.113,0.0,1.113,0.04377142857093886,False,False
2025-06-24 06:00:00,1.025,1.025,0.0,1.025,0.015114285714015518,False,False
2025-06-24 07:00:00,1.012,1.012,0.0,1.012,-0.0020285714277139665,False,False
2025-06-24 08:00:00,0.988,0.988,0.0,0.988,-0.02362857142868653,False,False
2025-06-24 09:00:00,1.093,1.093,0.0,1.093,-0.012085714285962713,False,False
2025-06-24 10:00:00,0.975,0.975,0.0,0.975,-0.014571428571497973,False,False
2025-06-24 11:00:00,1.075,1.075,0.0,1.075,0.006971428570840782,False,False
2025-06-24 13:00:00,0.894,0.894,0.0,0.894,-0.014385714287294248,False,False
2025-06-24 14:00:00,1.0,1.0,0.0,1.0,-0.0124037267076819,False,False
2025-06-24 15:00:00,1.0,1.0,0.0,1.0,-0.014642857142946938,False,False
2025-06-24 16:00:00,0.906,0.906,0.0,0.906,-0.01237267080737,False,False
2025-06-24 17:00:00,0.88,0.88,0.0,0.88,-0.025085714285639563,False,False
2025-06-24 18:00:00,1.007,1.007,0.0,1.007,0.0031714285714708476,False,False
2025-06-24 19:00:00,1.017,1.017,0.0,1.017,0.002285714286229346,False,False
2025-06-24 20:00:00,1.1,1.1,0.0,1.018,0.015714285713165816,False,False
2025-06-24 21:00:00,1.018,1.018,0.0,1.018,0.02811428571352364,False,False
2025-06-24 22:00:00,1.04,1.04,0.0,1.04,0.023828571428278184,False,False
2025-06-24 23:00:00,0.92,0.92,0.0,1.018,0.0035428571428670675,False,False
2025-06-25 00:00:00,0.787,0.787,0.0,1.04,0.0039142857141951275,False,False
2025-06-25 01:00:00,1.112,1.112,0.0,1.112,0.014685714286284998,False,False
2025-06-25 02:00:00,1.144,1.144,0.0,1.144,0.024799999998529262,False,False
2025-06-25 03:00:00,1.2,1.2,0.0,1.2,0.03571428571352341,False,False
2025-06-25 04:00:00,1.3,1.3,0.0,1.3,0.05491428571480433,False,False
2025-06-25 05:00:00,1.193,1.193,0.0,1.193,0.03957142856908669,False,False
2025-06-25 06:00:00,5.0,5.0,0.0,3.925,0.4089142856988528,False,False
2025-06-25 07:00:00,5.344,5.344,0.0,3.925,0.6277999999318395,False,False
2025-06-25 08:00:00,3.925,3.925,0.0,3.925,0.692342857119883,False,False
2025-06-25 09:00:00,1.319,1.319,0.0,1.319,0.23688571428015184,False,False
2025-06-25 10:00:00,0.581,0.581,0.0,0.581,-0.3107999999388412,True,False
2025-06-25 11:00:00,0.506,0.506,0.0,0.506,-0.8495142856994718,True,False
2025-06-25 12:00:00,0.64,0.64,0.0,0.64,-0.7834285714334153,True,False
2025-06-25 13:00:00,0.5,0.5,0.0,0.5,-0.5496285714303174,True,False
2025-06-25 14:00:00,0.431,0.431,0.0,0.431,-0.1299714285718894,False,False
2025-06-25 15:00:00,0.425,0.425,0.0,0.425,-0.03271428571726167,False,False
2025-06-25 16:00:00,0.176,0.176,0.0,0.253,-0.05654285713964494,False,False
2025-06-25 17:00:00,0.253,0.253,0.0,0.253,-0.07662857142806279,False,False
2025-06-25 18:00:00,0.247,0.247,0.0,0.247,-0.05631428571623464,False,False
2025-06-25 19:00:00,0.156,0.156,0.0,0.156,-0.05454285714302521,False,False
2025-06-25 21:00:00,0.2,0.2,0.0,0.2,-0.03285714285700428,False,False
2025-06-25 22:00:00,0.294,0.294,0.0,0.294,0.00014285714327752342,False,False
2025-06-25 23:00:00,0.519,0.519,0.0,0.519,0.03342857142718566,False,False
2025-06-26 00:00:00,0.607,0.607,0.0,0.607,0.06569565217188274,False,False
2025-06-26 01:00:00,0.64,0.64,0.0,0.64,0.09341428571093437,False,False
2025-06-26 02:00:00,4.618,4.618,0.0,4.618,0.6633142856691391,False,False
2025-06-26 03:00:00,5.56,5.56,0.0,4.618,0.969999999928491,False,False
2025-06-26 04:00:00,4.493,4.493,0.0,4.493,1.0251714285692988,False,False
2025-06-26 06:00:00,5.085,5.085,0.0,5.085,0.8021142857225602,False,False
2025-06-26 07:00:00,5.069,5.069,0.0,4.493,0.44221739130069837,False,False
2025-06-26 08:00:00,3.681,3.681,0.0,3.681,-0.08817857143089407,False,False
2025-06-26 09:00:00,3.413,3.413,0.0,3.413,-0.18794409936897377,False,False
2025-06-26 10:00:00,3.367,3.367,0.0,3.367,-0.26285714284490863,True,False
2025-06-26 11:00:00,3.3,3.3,0.0,3.3,-0.3591714285717622,True,False
2025-06-26 12:00:00,3.006,3.006,0.0,3.006,-0.24639999999548234,True,False
2025-06-26 13:00:00,2.738,2.738,0.0,2.738,-0.17151428571940755,True,False
2025-06-26 14:00:00,2.46,2.46,0.0,2.593,-0.17945714285734143,True,False
2025-06-26 15:00:00,2.593,2.593,0.0,2.46,-0.19782857142448598,True,False
2025-06-26 16:00:00,2.236,2.236,0.0,2.236,-0.20294285713735877,True,False
2025-06-26 17:00:00,2.175,2.175,0.0,2.175,-0.1655428571413116,False,False
2025-06-26 18:00:00,2.04,2.04,0.0,2.04,-0.1419428571398828,False,False
2025-06-26 19:00:00,2.0,2.0,0.0,2.0,-0.12245714286259654,False,False
2025-06-26 20:00:00,1.867,1.867,0.0,1.867,-0.10879999999924976,False,False
2025-06-26 21:00:00,1.912,1.912,0.0,1.912,-0.07382857142755876,False,False
2025-06-26 22:00:00,1.7,1.7,0.0,1.7,-0.08262857142934532,False,False
2025-06-26 23:00:00,1.656,1.656,0.0,1.656,-0.07928571427929529,False,False
2025-06-27 00:00:00,3.093,3.093,0.0,3.093,0.13199999999554177,False,False
2025-06-27 01:00:00,3.012,3.012,0.0,3.012,0.2635428571365461,False,False
2025-06-27 02:00:00,2.993,2.993,0.0,2.993,0.30794285716809927,False,False
2025-06-27 04:00:00,2.181,2.181,0.0,2.275,0.13811428571278608,False,False
2025-06-27 05:00:00,2.207,2.207,0.0,2.207,-0.016981366458652097,False,False
2025-06-27 06:00:00,2.275,2.275,0.0,2.275,-0.17078571428028716,False,False
2025-06-27 07:00:00,2.035,2.035,0.0,2.035,-0.1724037267127439,False,False
2025-06-27 08:00:00,1.973,1.973,0.0,1.973,-0.15325714285431682,False,False
2025-06-27 09:00:00,2.056,2.056,0.0,2.056,-0.05820000000255468,False,False
2025-06-27 10:00:00,2.138,2.138,0.0,2.138,-0.030399999999297527,False,False
2025-06-27 11:00:00,1.891,1.891,0.0,1.891,-0.043657142858721874,False,False
2025-06-27 12:00:00,2.0,2.0,0.0,2.0,-0.009685714286515846,False,False
2025-06-27 13:00:00,1.762,1.762,0.0,1.762,-0.0420000000002797,False,False
2025-06-27 14:00:00,1.688,1.688,0.0,1.688,-0.08168571428474694,False,False
2025-06-27 15:00:00,1.844,1.844,0.0,1.844,-0.06619999999829283,False,False
2025-06-27 16:00:00,1.873,1.873,0.0,1.873,-0.018057142856434543,False,False
2025-06-27 17:00:00,1.906,1.906,0.0,1.906,0.0005428571426961817,False,False
2025-06-27 18:00:00,1.793,1.793,0.0,1.793,0.023942857142931536,False,False
2025-06-27 20:00:00,1.818,1.818,0.0,1.818,0.011257142857000618,False,False
2025-06-27 21:00:00,1.773,1.773,0.0,1.773,-0.01470186335412723,False,False
2025-06-27 22:00:00,1.594,1.594,0.0,1.594,-0.038499999998437284,False,False
2025-06-27 23:00:00,1.938,1.938,0.0,1.938,-0.012397515527507796,False,False
2025-06-28 00:00:00,1.773,1.773,0.0,1.773,0.0012428571430915618,False,False
2025-06-28 01:00:00,1.95,1.95,0.0,1.95,0.02868571428678823,False,False
2025-06-28 02:00:00,1.9,1.9,0.0,1.9,0.043942857143863416,False,False
2025-06-28 04:00:00,1.794,1.794,0.0,1.794,0.02145714285755414,False,False
2025-06-28 05:00:00,1.762,1.762,0.0,1.762,-0.02173291925377671,False,False
2025-06-28 06:00:00,1.925,1.925,0.0,1.925,-0.0009285714286979017,False,False
2025-06-28 07:00:00,1.947,1.947,0.0,1.947,-0.002857142858090178,False,False
2025-06-28 08:00:00,1.781,1.781,0.0,1.781,-0.0015000000006007868,False,False
2025-06-28 09:00:00,1.667,1.667,0.0,1.667,-0.015885714284295332,False,False
2025-06-28 10:00:00,1.427,1.427,0.0,1.427,-0.07471428572205362,False,False
2025-06-28 11:00:00,1.353,1.353,0.0,1.353,-0.12954285714657884,False,False
2025-06-28 12:00:00,1.429,1.429,0.0,1.429,-0.11754285713968324,False,False
2025-06-28 13:00:00,1.4,1.4,0.0,1.4,-0.07694285714431895,False,False
2025-06-28 14:00:00,1.344,1.344,0.0,1.344,-0.046285714286517905,False,False
2025-06-28 15:00:00,1.16,1.16,0.0,1.16,-0.03974285714184361,False,False
2025-06-28 16:00:00,1.173,1.173,0.0,1.173,-0.050371428573437106,False,False
2025-06-28 17:00:00,1.267,1.267,0.0,1.267,-0.04785714285640812,False,False
2025-06-28 18:00:00,1.194,1.194,0.0,1.194,-0.03565714285736904,False,False
2025-06-28 19:00:00,1.087,1.087,0.0,1.267,-0.005399999998772486,False,False
2025-06-28 20:00:00,3.421,3.421,0.0,3.421,0.3289714285952537,False,False
2025-06-28 21:00:00,3.4,3.4,0.0,3.4,0.504857142826432,False,False
2025-06-28 22:00:00,3.475,3.475,0.0,3.475,0.566057142848593,False,False
2025-06-28 23:00:00,4.467,4.467,0.0,4.467,0.6562285714107029,False,False
2025-06-29 00:00:00,4.45,4.45,0.0,4.45,0.5465142857063341,False,False
2025-06-29 01:00:00,4.612,4.612,0.0,4.45,0.26534285714035744,False,False
2025-06-29 02:00:00,4.347,4.347,0.0,4.347,0.21837142856332575,False,False
2025-06-29 03:00:00,3.473,3.473,0.0,3.473,-0.010571428563238512,False,False
2025-06-29 04:00:00,3.494,3.494,0.0,3.494,-0.22568571427637968,True,False
2025-06-29 05:00:00,3.608,3.608,0.0,3.608,-0.2271999999903184,True,False
2025-06-29 06:00:00,3.6,3.6,0.0,3.6,-0.18417142856960178,False,False
2025-06-29 07:00:00,3.469,3.469,0.0,3.469,-0.11128571428465964,False,False
2025-06-29 08:00:00,3.107,3.107,0.0,3.107,-0.05465714285627193,False,False
2025-06-29 09:00:00,3.02,3.02,0.0,3.02,-0.11440000001087862,False,False
2025-06-29 10:00:00,2.944,2.944,0.0,2.944,-0.1549142857188695,False,False
2025-06-29 11:00:00,2.793,2.793,0.0,2.793,-0.16277142856580554,False,False
2025-06-29 12:00:00,2.771,2.771,0.0,2.771,-0.12880000000388897,False,False
2025-06-29 13:00:00,2.806,2.806,0.0,2.806,-0.06865714285368742,False,False
2025-06-29 14:00:00,2.729,2.729,0.0,2.729,-0.05402857142937362,False,False
2025-06-29 15:00:00,2.8,2.8,0.0,2.8,-0.025057142857372677,False,False
2025-06-29 16:00:00,2.467,2.467,0.0,2.467,-0.04628571428445368,False,False
2025-06-29 17:00:00,2.55,2.55,0.0,2.55,-0.058599999997254196,False,False
2025-06-29 18:00:00,2.519,2.519,0.0,2.519,-0.06585714286016975,False,False
2025-06-29 19:00:00,2.506,2.506,0.0,2.506,-0.053571428569179944,False,False
2025-06-29 20:00:00,2.373,2.373,0.0,2.373,-0.05854285714450407,False,False
2025-06-29 21:00:00,2.194,2.194,0.0,2.194,-0.05454285714158399,False,False
2025-06-29 22:00:00,2.131,2.131,0.0,2.194,-0.08251428571878491,False,False
2025-06-29 23:00:00,2.2,2.2,0.0,2.2,-0.07742857143160738,False,False
2025-06-30 00:00:00,2.16,2.16,0.0,2.16,-0.06425714285461194,False,False
2025-06-30 01:00:00,2.225,2.225,0.0,2.225,-0.023885714285852608,False,False
2025-06-30 02:00:00,2.307,2.307,0.0,2.307,0.017657142857437007,False,False
2025-06-30 03:00:00,2.287,2.287,0.0,2.287,0.0243142857142504,False,False
2025-06-30 04:00:00,2.094,2.094,0.0,2.094,-0.00191428571379626,False,False
2025-06-30 05:00:00,2.067,2.067,0.0,2.067,-0.0250857142877052,False,False
2025-06-30 06:00:00,2.156,2.156,0.0,2.156,-0.03594285714192093,False,False
2025-06-30 07:00:00,2.024,2.024,0.0,2.024,-0.05242857142873982,False,False
2025-06-30 09:00:00,1.744,1.744,0.0,1.744,-0.074399999997512,False,False
2025-06-30 10:00:00,1.888,1.888,0.0,1.888,-0.05308695652039614,False,False
2025-06-30 11:00:00,1.85,1.85,0.0,1.85,-0.05239285714090624,False,False
2025-06-30 12:00:00,1.633,1.633,0.0,1.633,-0.07123602484458308,False,False
2025-06-30 13:00:00,1.633,1.633,0.0,1.633,-0.05964285714364117,False,False
2025-06-30 14:00:00,1.687,1.687,0.0,1.687,-0.036199999996622115,False,False
2025-06-30 15:00:00,1.788,1.788,0.0,1.788,-0.02825714285807985,False,False
2025-06-30 16:00:00,1.559,1.559,0.0,1.559,-0.026742857143646215,False,False
2025-06-30 17:00:00,1.56,1.56,0.0,1.56,-0.013885714284814882,False,False
2025-06-30 18:00:00,1.5,1.5,0.0,1.5,-0.03642857142695788,False,False
2025-06-30 19:00:00,1.344,1.344,0.0,1.467,-0.056085714289733093,False,False
2025-06-30 20:00:00,1.467,1.467,0.0,1.467,-0.05545714285733937,False,False
2025-06-30 21:00:00,1.413,1.413,0.0,1.413,-0.029771428570794893,False,False
2025-06-30 22:00:00,5.212,5.212,0.0,5.212,0.5142571428564725,False,False
2025-06-30 23:00:00,5.35,5.35,0.0,5.35,0.8694571428532243,False,False
2025-07-01 00:00:00,5.65,5.65,0.0,5.65,1.0389428570734032,False,False
2025-07-01 01:00:00,5.3,5.3,0.0,5.3,0.914685714281977,False,False
2025-07-01 02:00:00,5.5,5.5,0.0,5.5,0.5999714285602566,False,False
2025-07-01 03:00:00,5.653,5.653,0.0,5.653,0.06585714285650367,False,False
2025-07-01 04:00:00,6.394,6.394,0.0,6.394,0.1551142857225842,False,False
2025-07-01 05:00:00,6.644,6.644,0.0,6.394,0.2044285714057691,False,False
2025-07-01 06:00:00,6.918,6.918,0.0,6.394,0.25408571427681714,False,False
2025-07-01 07:00:00,6.26,6.26,0.0,6.26,0.1720857142788718,False,False
2025-07-01 08:00:00,6.1,6.1,0.0,6.1,0.052371428573161544,False,False
2025-07-01 09:00:00,5.52,5.52,0.0,5.52,-0.15388571427256192,False,False
2025-07-01 10:00:00,4.88,4.88,0.0,4.88,-0.29577142858211414,True,False
2025-07-01 11:00:00,4.706,4.706,0.0,4.706,-0.3759999999646635,True,False
2025-07-01 13:00:00,4.381,4.381,0.0,4.381,-0.3443714285751094,True,False
2025-07-01 14:00:00,4.162,4.162,0.0,4.162,-0.2986521739129663,True,False
2025-07-01 15:00:00,3.906,3.906,0.0,3.906,-0.23582142857073257,True,False
2025-07-01 16:00:00,3.753,3.753,0.0,3.753,-0.19069565218467882,False,False
2025-07-01 17:00:00,3.531,3.531,0.0,3.593,-0.1917857142878573,False,False
2025-07-01 18:00:00,3.593,3.593,0.0,3.531,-0.17457142857128322,False,False
2025-07-01 19:00:00,3.316,3.316,0.0,3.316,-0.15757142857168613,False,False
2025-07-01 20:00:00,3.055,3.055,0.0,3.055,-0.16079999999602573,False,False
2025-07-01 21:00:00,3.0,3.0,0.0,3.047,-0.1531142857197946,False,False
2025-07-01 22:00:00,3.047,3.047,0.0,3.047,-0.12694285714806425,False,False
2025-07-01 23:00:00,2.867,2.867,0.0,2.867,-0.11814285714484782,False,False
2025-07-02 00:00:00,3.144,3.144,0.0,3.144,-0.04068571428639969,False,False
2025-07-02 01:00:00,3.331,3.331,0.0,3.331,0.042599999999521417,False,False
2025-07-02 02:00:00,3.25,3.25,0.0,3.25,0.06125714285388007,False,False
2025-07-02 03:00:00,3.119,3.119,0.0,3.119,0.04845714285477236,False,False
2025-07-02 04:00:00,3.073,3.073,0.0,3.073,0.02497142856950945,False,False
2025-07-02 05:00:00,3.153,3.153,0.0,3.153,-0.024571428572632323,False,False
2025-07-02 06:00:00,3.2,3.2,0.0,3.2,-0.02834285714361879,False,False
2025-07-02 07:00:00,3.175,3.175,0.0,3.153,-0.004628571428918634,False,False
2025-07-02 08:00:00,3.088,3.088,0.0,3.088,0.0037714285717228456,False,False
2025-07-02 09:00:00,2.481,2.481,0.0,2.481,-0.09148571427822581,False,False
2025-07-02 10:00:00,2.256,2.256,0.0,2.256,-0.19162857142759704,False,False
2025-07-02 11:00:00,2.394,2.394,0.0,2.394,-0.20937142856784385,True,False
2025-07-02 12:00:00,2.206,2.206,0.0,2.206,-0.20119999999471325,True,False
2025-07-02 13:00:00,2.32,2.32,0.0,2.32,-0.12934285714109547,False,False
2025-07-02 14:00:00,1.988,1.988,0.0,1.988,-0.07031428571342986,False,False
2025-07-03 07:00:00,2.493,2.493,0.0,1.988,-0.014432171581783478,False,False
2025-07-03 08:00:00,1.882,1.882,0.0,1.882,-0.016437521396784286,False,False
2025-07-03 09:00:00,1.86,1.86,0.0,1.86,-0.014287809349152684,False,False
2025-07-03 10:00:00,1.718,1.718,0.0,1.718,-0.016390277302211542,False,False
2025-07-03 11:00:00,1.586,1.586,0.0,1.586,-0.012344235925027954,False,False
2025-07-03 12:00:00,1.6,1.6,0.0,1.6,-0.0848571428608793,False,False
2025-07-03 13:00:00,1.325,1.325,0.0,1.438,-0.08948571428721076,False,False
2025-07-03 14:00:00,1.438,1.438,0.0,1.438,-0.08388571428496269,False,False
2025-07-03 15:00:00,1.412,1.412,0.0,1.412,-0.061028571426994756,False,False
2025-07-03 16:00:00,1.531,1.531,0.0,1.412,-0.0409714285709192,False,False
2025-07-03 17:00:00,1.406,1.406,0.0,1.406,-0.030685714285701503,False,False
2025-07-03 18:00:00,1.333,1.333,0.0,1.333,-0.017742857141581317,False,False
2025-07-03 19:00:00,1.188,1.188,0.0,1.188,-0.04265714285944409,False,False
2025-07-03 20:00:00,1.127,1.127,0.0,1.127,-0.06199999999823322,False,False
2025-07-03 21:00:00,1.1,1.1,0.0,1.1,-0.07262857143127585,False,False
2025-07-03 22:00:00,1.569,1.569,0.0,1.569,0.001571428572248324,False,False
2025-07-03 23:00:00,1.519,1.519,0.0,1.519,0.05845714286100395,False,False
2025-07-04 00:00:00,1.28,1.28,0.0,1.28,0.06014285714526807,False,False
2025-07-04 01:00:00,1.275,1.275,0.0,1.275,0.03514285714221948,False,False
2025-07-04 02:00:00,1.393,1.393,0.0,1.393,0.009828571428094936,False,False
2025-07-04 03:00:00,1.307,1.307,0.0,1.307,-0.04837142857033004,False,False
2025-07-04 04:00:00,1.131,1.131,0.0,1.131,-0.0497428571438797,False,False
2025-07-04 05:00:00,1.268,1.268,0.0,1.268,-0.016514285716499016,False,False
2025-07-04 06:00:00,1.017,1.017,0.0,1.017,-0.052600000001889614,False,False
2025-07-04 07:00:00,1.1,1.1,0.0,1.1,-0.06280000000193493,False,False
2025-07-04 08:00:00,0.944,0.944,0.0,0.944,-0.061685714289477354,False,False
2025-07-04 09:00:00,0.944,0.944,0.0,0.944,-0.0521142857156905,False,False
2025-07-04 10:00:00,2.5,2.5,0.0,2.5,0.16528571427352243,False,False
2025-07-04 11:00:00,2.194,2.194,0.0,2.194,0.2881428571263329,False,False
2025-07-04 12:00:00,1.894,1.894,0.0,1.894,0.26502857141272,False,False
2025-07-04 13:00:00,1.644,1.644,0.0,1.644,0.17268571428957954,False,False
2025-07-04 14:00:00,1.438,1.438,0.0,1.438,-0.01137142858797734,False,False
2025-07-04 15:00:00,1.188,1.188,0.0,1.362,-0.23451428570974547,True,False
2025-07-04 16:00:00,1.362,1.362,0.0,1.2,-0.19348571428241143,False,False
2025-07-04 17:00:00,1.2,1.2,0.0,1.2,-0.13937142857565452,False,False
2025-07-04 18:00:00,1.088,1.088,0.0,1.088,-0.10445714285881559,False,False
2025-07-04 19:00:00,0.894,0.894,0.0,1.088,-0.07348571428570352,False,False
2025-07-04 20:00:00,1.088,1.088,0.0,1.088,-0.051942857143980156,False,False
2025-07-04 21:00:00,1.056,1.056,0.0,1.056,-0.030171428571465382,False,False
2025-07-04 22:00:00,1.706,1.706,0.0,1.506,0.040971428570873956,False,False
2025-07-04 23:00:00,1.506,1.506,0.0,1.506,0.09462857142883623,False,False
2025-07-05 00:00:00,1.707,1.707,0.0,1.707,0.13711428570794762,False,False
2025-07-05 01:00:00,1.257,1.257,0.0,1.257,0.07994285714324008,False,False
2025-07-05 02:00:00,1.122,1.122,0.0,1.122,-0.006171428564992554,False,False
2025-07-05 03:00:00,1.206,1.206,0.0,1.122,-0.10062857143563517,False,False
2025-07-05 04:00:00,1.05,1.05,0.0,1.05,-0.11914285714327123,False,False
2025-07-05 05:00:00,0.925,0.925,0.0,0.925,-0.12945714285515422,False,False
2025-07-05 06:00:00,0.86,0.86,0.0,0.925,-0.06637142857015917,False,False
2025-07-05 07:00:00,0.919,0.919,0.0,0.919,-0.049457142858070006,False,False
2025-07-05 08:00:00,1.02,1.02,0.0,1.02,-0.02580000000064619,False,False
2025-07-05 09:00:00,1.673,1.673,0.0,1.673,0.09697142856994823,False,False
2025-07-05 10:00:00,1.825,1.825,0.0,1.825,0.19557142858431448,False,False
2025-07-05 11:00:00,1.575,1.575,0.0,1.575,0.18917142857797264,False,False
2025-07-05 12:00:00,1.714,1.714,0.0,1.714,0.16548571428472827,False,False
2025-07-05 13:00:00,1.7,1.7,0.0,1.7,0.0935142857145469,False,False
2025-07-05 14:00:00,1.7,1.7,0.0,1.7,-0.0028857142855202894,False,False
2025-07-05 15:00:00,1.693,1.693,0.0,1.693,-0.008542857141628462,False,False
2025-07-05 16:00:00,1.531,1.531,0.0,1.531,-0.008085714286675056,False,False
2025-07-05 17:00:00,1.294,1.294,0.0,1.294,-0.07468571428768592,False,False
2025-07-05 18:00:00,1.547,1.547,0.0,1.547,-0.06128571428284889,False,False
2025-07-05 19:00:00,1.14,1.14,0.0,1.14,-0.09928571429078104,False,False
2025-07-05 20:00:00,1.262,1.262,0.0,1.262,-0.08785714285960779,False,False
2025-07-05 22:00:00,2.58,2.58,0.0,2.58,0.14537142856448357,False,False
2025-07-05 23:00:00,2.62,2.62,0.0,2.62,0.2476211180269286,False,False
2025-07-06 00:00:00,2.406,2.406,0.0,2.406,0.24482142856145622,False,False
2025-07-06 01:00:00,5.553,5.553,0.0,5.553,0.57963354038397,False,False
2025-07-06 02:00:00,5.307,5.307,0.0,5.307,0.7067571428833772,False,False
2025-07-06 03:00:00,5.369,5.369,0.0,5.369,0.7186571428785361,False,False
2025-07-06 04:00:00,5.475,5.475,0.0,5.475,0.6547999999693748,False,False
2025-07-06 05:00:00,5.544,5.544,0.0,5.544,0.44337142856877776,False,False
2025-07-06 06:00:00,3.787,3.787,0.0,3.787,-0.22894285714189552,True,False
2025-07-06 07:00:00,3.808,3.808,0.0,3.808,-0.3477714285987989,True,False
2025-07-06 08:00:00,3.7,3.7,0.0,3.7,-0.43151428571712747,True,False
2025-07-06 09:00:00,3.259,3.259,0.0,3.259,-0.4740285714349585,True,False
2025-07-06 10:00:00,2.36,2.36,0.0,2.36,-0.5032000000053263,True,False
2025-07-06 11:00:00,2.05,2.05,0.0,2.073,-0.3815714286160702,True,False
2025-07-06 12:00:00,2.073,2.073,0.0,2.05,-0.4162857142990308,True,False
2025-07-06 13:00:00,2.0,2.0,0.0,2.0,-0.3546857142691822,True,False
2025-07-06 14:00:00,1.962,1.962,0.0,1.962,-0.21679999999986557,True,False
2025-07-06 15:00:00,1.813,1.813,0.0,1.813,-0.08908571428806483,False,False
2025-07-06 16:00:00,1.707,1.707,0.0,1.792,-0.06154285714484248,False,False
2025-07-06 17:00:00,1.675,1.675,0.0,1.675,-0.07565714285750035,False,False
2025-07-06 18:00:00,1.792,1.792,0.0,1.792,-0.05491428571329737,False,False
2025-07-06 19:00:00,1.881,1.881,0.0,1.881,-0.016714285716661465,False,False
2025-07-06 20:00:00,1.793,1.793,0.0,1.793,0.008114285714929987,False,False
2025-07-06 21:00:00,1.769,1.769,0.0,1.769,0.00937142857106214,False,False
2025-07-06 22:00:00,1.82,1.82,0.0,1.82,0.016228571428606297,False,False
2025-07-06 23:00:00,1.865,1.865,0.0,1.865,0.004514285714211755,False,False
2025-07-07 00:00:00,1.776,1.776,0.0,1.776,-0.007371428571506801,False,False
2025-07-07 01:00:00,1.86,1.86,0.0,1.86,0.011457142857546995,False,False
2025-07-07 02:00:00,1.8,1.8,0.0,1.8,0.005314285714662441,False,False
2025-07-07 03:00:00,1.76,1.76,0.0,1.76,-0.011742857141993088,False,False
2025-07-07 04:00:00,1.606,1.606,0.0,1.606,-0.04008571428587362,False,False
2025-07-07 05:00:00,1.4,1.4,0.0,1.4,-0.07662857142403944,False,False
2025-07-07 06:00:00,1.406,1.406,0.0,1.406,-0.1035428571440316,False,False
2025-07-07 07:00:00,1.356,1.356,0.0,1.356,-0.09965714285799972,False,False
2025-07-07 08:00:00,1.371,1.371,0.0,1.371,-0.07682857142699481,False,False
2025-07-07 09:00:00,1.538,1.538,0.0,1.538,-0.013628571427420346,False,False
2025-07-07 10:00:00,1.425,1.425,0.0,1.425,0.015314285714648466,False,False
2025-07-07 11:00:00,1.069,1.069,0.0,1.069,-0.037457142853957924,False,False
2025-07-07 12:00:00,1.2,1.2,0.0,1.2,-0.05140000000435303,False,False
2025-07-07 13:00:00,1.2,1.2,0.0,1.2,-0.0635714285701651,False,False
2025-07-07 14:00:00,1.219,1.219,0.0,1.206,-0.06297142857011136,False,False
2025-07-07 15:00:00,1.28,1.28,0.0,1.206,-0.019542857146044805,False,False
2025-07-07 16:00:00,1.206,1.206,0.0,1.206,0.020257142857515207,False,False
2025-07-07 17:00:00,1.193,1.193,0.0,1.193,-0.00048571428564447866,False,False
2025-07-07 18:00:00,1.106,1.106,0.0,1.106,-0.014542857144039318,False,False
2025-07-07 19:00:00,1.118,1.118,0.0,1.118,-0.021514285713325573,False,False
2025-07-07 20:00:00,2.986,2.986,0.0,2.231,0.136400000008884,False,False
2025-07-07 21:00:00,3.1,3.1,0.0,3.1,0.359885714270058,False,False
2025-07-07 22:00:00,2.231,2.231,0.0,2.231,0.3509999999962209,False,False
2025-07-07 23:00:00,1.42,1.42,0.0,1.42,0.16508571428936406,False,False
2025-07-08 00:00:00,1.627,1.627,0.0,1.627,-0.02162857142992524,False,False
2025-07-08 01:00:00,1.713,1.713,0.0,1.538,-0.24842857142605262,True,False
2025-07-08 02:00:00,1.538,1.538,0.0,1.538,-0.27662857142656144,True,False
2025-07-08 03:00:00,1.419,1.419,0.0,1.419,-0.10842857143221798,False,False
2025-07-08 04:00:00,1.18,1.18,0.0,1.18,-0.052114285710703596,False,False
2025-07-08 05:00:00,1.227,1.227,0.0,1.227,-0.09122857142600002,False,False
2025-07-08 06:00:00,1.2,1.2,0.0,1.2,-0.08177142857375273,False,False
2025-07-08 07:00:00,1.062,1.062,0.0,1.062,-0.08542857142617087,False,False
2025-07-08 08:00:00,0.915,0.915,0.0,0.915,-0.08288571428475125,False,False
2025-07-08 09:00:00,0.9,0.9,0.0,0.9,-0.07068571428358902,False,False
2025-07-08 10:00:00,0.953,0.953,0.0,0.953,-0.0690571428573795,False,False
2025-07-08 11:00:00,1.031,1.031,0.0,1.031,-0.0339142857159681,False,False
2025-07-08 12:00:00,0.838,0.838,0.0,0.838,-0.02054285714313619,False,False
2025-07-08 13:00:00,0.793,0.793,0.0,0.793,-0.020514285714502856,False,False
2025-07-08 14:00:00,1.025,1.025,0.0,1.025,-0.0013714285714146268,False,False
2025-07-08 15:00:00,1.04,1.04,0.0,1.04,0.010628571427838482,False,False
2025-07-08 16:00:00,0.854,0.854,0.0,0.854,-0.0013428571439324528,False,False
2025-07-08 17:00:00,1.0,1.0,0.0,1.0,0.028800000000822314,False,False
2025-07-08 18:00:00,0.612,0.612,0.0,0.612,-0.03331428571411491,False,False
2025-07-08 19:00:00,0.527,0.527,0.0,0.527,-0.1036571428665403,False,False
2025-07-08 20:00:00,0.638,0.638,0.0,0.638,-0.09654285714849399,False,False
2025-07-08 21:00:00,0.688,0.688,0.0,0.688,-0.05717142856791856,False,False
2025-07-08 22:00:00,0.312,0.312,0.0,0.312,-0.08859999999854465,False,False
2025-07-08 23:00:00,0.0,0.0,0.0,0.0,-0.10442857142785077,False,False
2025-07-09 00:00:00,1.279,1.279,0.0,1.279,0.04200000000273904,False,False
2025-07-09 01:00:00,1.3,1.3,0.0,1.3,0.13631428571615203,False,False
2025-07-09 02:00:00,1.169,1.169,0.0,1.169,0.18994285711938214,False,False
2025-07-09 03:00:00,1.231,1.231,0.0,1.231,0.23208571428032848,False,False
2025-07-09 04:00:00,1.131,1.131,0.0,1.131,0.15371428571437248,False,False
2025-07-09 05:00:00,1.106,1.106,0.0,1.106,-0.037428571426471574,False,False
2025-07-09 06:00:00,1.1,1.1,0.0,1.1,-0.03682857142919817,False,False
2025-07-09 07:00:00,1.1,1.1,0.0,1.1,-0.021800000000959392,False,False
2025-07-09 08:00:00,1.131,1.131,0.0,1.131,-0.017114285714565674,False,False
2025-07-09 09:00:00,1.162,1.162,0.0,1.162,0.006571428570786771,False,False
2025-07-09 11:00:00,0.906,0.906,0.0,0.906,-0.024414285713564923,False,False
2025-07-09 12:00:00,0.919,0.919,0.0,0.919,-0.037602484469400704,False,False
2025-07-09 13:00:00,0.981,0.981,0.0,0.981,-0.03703571428354341,False,False
2025-07-09 14:00:00,0.876,0.876,0.0,0.876,-0.044863354038296326,False,False
2025-07-09 15:00:00,0.819,0.819,0.0,0.819,-0.04670000000035957,False,False
2025-07-09 16:00:00,0.467,0.467,0.0,0.876,-0.01585714285720979,False,False
2025-07-09 18:00:00,30.669,1.677,1.0,1.677,0.10120000000542752,False,False
2025-07-09 19:00:00,30.6,1.677,1.0,1.677,0.14988819874918524,False,False
2025-07-09 20:00:00,30.688,1.677,1.0,1.677,0.17571428571683897,False,False
2025-07-09 21:00:00,3.075,3.075,0.0,2.538,0.25684472050979107,False,False
2025-07-09 22:00:00,3.2,3.2,0.0,2.538,0.2743285714293308,False,False
2025-07-09 23:00:00,2.538,2.538,0.0,2.538,0.22140000001716637,False,False
2025-07-10 00:00:00,2.007,2.007,0.0,2.007,0.12094285714637248,False,False
2025-07-10 01:00:00,1.619,1.619,0.0,1.619,-0.0538000000022439,False,False
2025-07-10 02:00:00,1.477,1.477,0.0,1.477,-0.2455142857096173,True,False
2025-07-10 03:00:00,1.5,1.5,0.0,1.5,-0.25031428571931613,True,False
2025-07-10 04:00:00,1.188,1.188,0.0,1.188,-0.24037142856942756,True,False
2025-07-10 05:00:00,1.181,1.181,0.0,1.181,-0.15428571427870688,False,False
2025-07-10 06:00:00,1.2,1.2,0.0,1.2,-0.09414285714183906,False,False
2025-07-10 07:00:00,1.313,1.313,0.0,1.313,-0.04934285714156219,False,False
2025-07-10 08:00:00,1.267,1.267,0.0,1.267,-0.02202857142787133,False,False
2025-07-10 09:00:00,1.08,1.08,0.0,1.08,-0.004828571429242748,False,False
2025-07-10 10:00:00,1.181,1.181,0.0,1.181,-0.01160000000000415,False,False
2025-07-10 11:00:00,1.133,1.133,0.0,1.133,-0.026228571427528487,False,False
2025-07-10 13:00:00,1.175,1.175,0.0,1.175,-0.021942857142720092,False,False
2025-07-10 14:00:00,1.244,1.244,0.0,1.244,0.00447204968979588,False,False
2025-07-10 15:00:00,1.218,1.218,0.0,1.218,0.0207857142856436,False,False
2025-07-10 16:00:00,1.119,1.119,0.0,1.119,0.0018509316768889267,False,False
2025-07-10 17:00:00,1.169,1.169,0.0,1.169,0.0015571428570328447,False,False
2025-07-10 18:00:00,1.138,1.138,0.0,1.138,-0.014542857143709715,False,False
2025-07-10 19:00:00,1.1,1.1,0.0,1.1,-0.02600000000010982,False,False
2025-07-10 20:00:00,1.119,1.119,0.0,1.119,-0.01665714285705567,False,False
2025-07-10 22:00:00,1.462,1.462,0.0,1.462,0.04461428571394037,False,False
2025-07-10 23:00:00,1.353,1.353,0.0,1.353,0.04932298136611812,False,False
2025-07-11 00:00:00,1.675,1.675,0.0,1.675,0.08785714285594505,False,False
2025-07-11 01:00:00,1.559,1.559,0.0,1.559,0.0918260869590131,False,False
2025-07-11 02:00:00,6.321,6.321,0.0,5.753,0.5539714285413606,False,False
2025-07-11 04:00:00,5.833,5.833,0.0,5.833,0.8727142857305512,False,False
2025-07-11 05:00:00,5.753,5.753,0.0,5.753,0.8799254657996964,False,False
2025-07-11 06:00:00,5.338,5.338,0.0,5.338,0.694892857145456,False,False
2025-07-11 07:00:00,4.976,4.976,0.0,4.976,0.3840496894304333,False,False
2025-07-11 08:00:00,5.906,5.906,0.0,5.906,-0.05444285714323746,False,False
2025-07-11 09:00:00,2.581,2.581,0.0,2.581,-0.4617999999826987,True,False
2025-07-11 10:00:00,1.669,1.669,0.0,1.669,-0.7931714285955677,True,False
2025-07-11 11:00:00,1.5,1.5,0.0,1.5,-0.9267428571838817,True,False
2025-07-11 12:00:00,1.341,1.341,0.0,1.341,-0.9229999999742835,True,False
2025-07-11 13:00:00,1.247,1.247,0.0,1.341,-0.7632571428488479,True,False
2025-07-11 14:00:00,1.262,1.262,0.0,1.333,-0.21094285713889938,True,False
2025-07-11 15:00:00,1.347,1.347,0.0,1.347,-0.0603142857144819,False,False
2025-07-11 16:00:00,1.333,1.333,0.0,1.333,-0.023571428571542433,False,False
2025-07-11 17:00:00,1.356,1.356,0.0,1.356,0.0018571428569950075,False,False
2025-07-11 18:00:00,1.45,1.45,0.0,1.45,0.017142857142595568,False,False
2025-07-11 19:00:00,1.5,1.5,0.0,1.5,0.033342857139622435,False,False
2025-07-11 20:00:00,1.481,1.481,0.0,1.481,0.03614285714022956,False,False
2025-07-11 21:00:00,1.2,1.2,0.0,1.2,-0.006857142858149284,False,False
2025-07-11 22:00:00,0.962,0.962,0.0,1.22,-0.04140000000164132,False,False
2025-07-11 23:00:00,1.22,1.22,0.0,1.22,-0.06488571428654938,False,False
2025-07-12 00:00:00,1.353,1.353,0.0,1.353,-0.04279999999874243,False,False
2025-07-12 01:00:00,1.053,1.053,0.0,1.053,-0.04802857142889561,False,False
2025-07-12 02:00:00,1.358,1.358,0.0,1.358,0.012057142857852877,False,False
2025-07-12 03:00:00,1.3,1.3,0.0,1.3,0.01468571428574286,False,False
2025-07-12 04:00:00,1.169,1.169,0.0,1.169,-0.00311428571353273,False,False
2025-07-12 05:00:00,1.3,1.3,0.0,1.3,0.0007142857135236937,False,False
2025-07-12 06:00:00,1.031,1.031,0.0,1.031,-0.011857142857592047,False,False
2025-07-12 07:00:00,0.962,0.962,0.0,0.962,-0.07588571428785001,False,False
2025-07-12 08:00:00,1.012,1.012,0.0,1.012,-0.06657142856981677,False,False
2025-07-12 09:00:00,1.0,1.0,0.0,1.0,-0.05080000000192968,False,False
2025-07-12 10:00:00,0.538,0.538,0.0,1.0,-0.04408571428587099,False,False
2025-07-12 12:00:00,0.624,0.624,0.0,1.0,-0.0011714285714332726,False,False
2025-07-12 13:00:00,1.367,1.367,0.0,1.367,0.0465031055898288,False,False
2025-07-12 14:00:00,1.3,1.3,0.0,1.3,0.057071428573079834,False,False
2025-07-12 15:00:00,1.618,1.618,0.0,1.618,0.09714906831638029,False,False
2025-07-12 16:00:00,2.056,2.056,0.0,2.056,0.16815714285864022,False,False
2025-07-12 17:00:00,30.8,1.955,1.0,1.799,0.18228571428866036,False,False
2025-07-12 18:00:00,23.08,1.799,1.0,1.799,0.11699999999486772,False,False
2025-07-12 19:00:00,1.633,1.633,0.0,1.633,0.05574285714081856,False,False
2025-07-12 20:00:00,1.1,1.1,0.0,1.38,-0.07025714285637563,False,False
2025-07-12 22:00:00,1.131,1.131,0.0,1.38,-0.1155428571416731,False,False
2025-07-12 23:00:00,1.38,1.38,0.0,1.38,-0.0807267080723102,False,False
2025-07-13 00:00:00,3.527,1.58,1.0,1.58,-0.04153571428466014,False,False
2025-07-13 01:00:00,23.4,1.799,1.0,1.799,0.02804968943981825,False,False
2025-07-13 02:00:00,30.627,1.799,1.0,1.799,0.08352857142787468,False,False
2025-07-13 03:00:00,1.1,1.1,0.0,1.1,0.0021714285701593616,False,False
2025-07-13 04:00:00,1.088,1.088,0.0,1.088,-0.08285714285421293,False,False
2025-07-13 05:00:00,1.213,1.213,0.0,1.213,-0.13334285713551233,False,False
2025-07-13 06:00:00,1.15,1.15,0.0,1.15,-0.1432857142882952,False,False
2025-07-13 07:00:00,1.183,1.183,0.0,1.183,-0.08014285714030743,False,False
2025-07-13 08:00:00,1.187,1.187,0.0,1.187,0.018771428571806584,False,False
2025-07-13 09:00:00,1.225,1.225,0.0,1.225,0.018285714285285682,False,False
2025-07-13 10:00:00,1.25,1.25,0.0,1.25,0.011828571427917137,False,False
2025-07-13 11:00:00,1.213,1.213,0.0,1.213,0.015828571428787862,False,False
2025-07-13 12:00:00,1.325,1.325,0.0,1.213,0.007228571428272038,False,False
2025-07-13 13:00:00,1.044,1.044,0.0,1.044,-0.02251428571480336,False,False
2025-07-13 14:00:00,0.9,0.9,0.0,0.9,-0.06408571428811635,False,False
2025-07-13 15:00:00,1.057,1.057,0.0,1.057,-0.059228571432690294,False,False
2025-07-13 16:00:00,1.1,1.1,0.0,1.1,-0.0336285714279672,False,False
2025-07-13 17:00:00,1.153,1.153,0.0,1.153,0.0007142857120717784,False,False
2025-07-13 18:00:00,0.967,0.967,0.0,0.967,0.01191428571584538,False,False
2025-07-13 19:00:00,0.7,0.7,0.0,0.7,-0.03477142857410364,False,False
2025-07-13 20:00:00,0.088,0.088,0.0,0.967,-0.052457142853397094,False,False
2025-07-13 21:00:00,5.9,5.9,0.0,5.9,0.6621428571427899,False,False
2025-07-13 22:00:00,6.773,6.773,0.0,6.773,1.2333142857550385,False,False
2025-07-13 23:00:00,7.054,7.054,0.0,6.773,1.4909142858201647,False,False
2025-07-14 00:00:00,7.0,7.0,0.0,6.773,1.3901714285125724,False,False
2025-07-14 01:00:00,6.52,6.52,0.0,6.52,0.8681142857103412,False,False
2025-07-14 02:00:00,6.375,6.375,0.0,6.375,0.046171428572980726,False,False
2025-07-14 03:00:00,5.3,5.3,0.0,5.431,-0.23305714285392276,True,True
2025-07-14 04:00:00,5.36,5.36,0.0,5.36,-0.32102857139196717,True,True
2025-07-14 05:00:00,5.431,5.431,0.0,5.431,-0.3181142857162503,True,True
2025-07-14 06:00:00,5.388,5.388,0.0,5.388,-0.24465714286306428,True,True
2025-07-14 07:00:00,4.307,4.307,0.0,4.307,-0.2970857142881029,True,True
2025-07-14 08:00:00,4.169,4.169,0.0,4.169,-0.2717714285728644,True,True
2025-07-14 10:00:00,2.2,2.2,0.0,2.2,-0.5404000000111446,True,True
2025-07-14 11:00:00,1.938,1.938,0.0,1.938,-0.6430993788646127,True,True
2025-07-14 12:00:00,1.573,1.573,0.0,1.575,-0.6480714285579753,True,True
2025-07-14 13:00:00,1.575,1.575,0.0,1.575,-0.524472049689453,True,True
2025-07-14 14:00:00,1.507,1.507,0.0,1.573,-0.41169999999958845,True,True
2025-07-14 15:00:00,1.753,1.753,0.0,1.753,-0.0951428571442846,False,False
2025-07-14 16:00:00,1.5,1.5,0.0,1.5,-0.04737142857144678,False,False
2025-07-14 17:00:00,1.291,1.291,0.0,1.291,-0.04185714285800859,False,False
2025-07-14 18:00:00,1.4,1.4,0.0,1.4,-0.05640000000591229,False,False
2025-07-14 19:00:00,1.26,1.26,0.0,1.26,-0.08094285713880768,False,False
2025-07-14 20:00:00,1.1,1.1,0.0,1.1,-0.11074285713946014,False,False
2025-07-14 21:00:00,1.107,1.107,0.0,1.26,-0.054657142858545046,False,False
2025-07-14 22:00:00,2.738,2.738,0.0,2.738,0.1901428571451713,False,False
2025-07-14 23:00:00,2.973,2.973,0.0,2.973,0.35597142856613434,False,False
2025-07-15 00:00:00,2.969,2.969,0.0,2.969,0.4469142856942943,False,False
2025-07-15 01:00:00,3.092,3.092,0.0,3.092,0.4377714285860759,False,False
2025-07-15 02:00:00,3.1,3.1,0.0,3.1,0.2930857142810396,False,False
2025-07-15 03:00:00,3.019,3.019,0.0,3.019,0.05454285714195256,False,False
2025-07-15 04:00:00,3.0,3.0,0.0,3.0,0.008371428571602006,False,False
2025-07-15 05:00:00,3.073,3.073,0.0,3.073,0.004657142856342091,False,False
2025-07-15 06:00:00,2.96,2.96,0.0,2.96,-0.021714285714046325,False,False
2025-07-15 07:00:00,2.14,2.14,0.0,2.14,-0.14011428571428416,False,False
2025-07-15 08:00:00,1.85,1.85,0.0,1.953,-0.22922857142323502,True,False
2025-07-15 09:00:00,1.9,1.9,0.0,1.9,-0.27657142858086764,True,False
2025-07-15 10:00:00,1.953,1.953,0.0,1.853,-0.27048571429047297,True,False
2025-07-15 11:00:00,1.853,1.853,0.0,1.853,-0.18425714285614006,False,False
2025-07-15 12:00:00,1.8,1.8,0.0,1.8,-0.058485714285064945,False,False
2025-07-15 13:00:00,1.653,1.653,0.0,1.653,-0.051428571425030406,False,False
2025-07-15 14:00:00,1.525,1.525,0.0,1.525,-0.07222857142776054,False,False
2025-07-15 15:00:00,1.7,1.7,0.0,1.7,-0.05417142856724861,False,False
2025-07-15 16:00:00,1.74,1.74,0.0,1.74,-0.02837142857237368,False,False
2025-07-15 17:00:00,1.667,1.667,0.0,1.667,-0.006542857142267839,False,False
2025-07-15 18:00:00,1.619,1.619,0.0,1.619,0.008457142857436536,False,False
2025-07-15 19:00:00,1.431,1.431,0.0,1.44,-0.021171428576692054,False,False
2025-07-15 21:00:00,1.44,1.44,0.0,1.44,-0.05507142857095558,False,False
2025-07-15 22:00:00,1.175,1.175,0.0,1.175,-0.08401863353885672,False,False
2025-07-15 23:00:00,1.593,1.593,0.0,1.593,-0.03964285714445836,False,False
2025-07-16 00:00:00,1.525,1.525,0.0,1.525,-0.009925465838997338,False,False
2025-07-16 01:00:00,1.588,1.588,0.0,1.588,0.031142857141568947,False,False
2025-07-16 02:00:00,1.64,1.64,0.0,1.64,0.06202857142339134,False,False
2025-07-16 03:00:00,1.612,1.612,0.0,1.612,0.06825714285748953,False,False
2025-07-16 04:00:00,1.667,1.667,0.0,1.667,0.01951428571300254,False,False
2025-07-16 05:00:00,1.7,1.7,0.0,1.7,0.0309714285716447,False,False
2025-07-16 06:00:00,1.593,1.593,0.0,1.593,0.0074285714285937205,False,False
2025-07-16 07:00:00,1.394,1.394,0.0,1.394,-0.035828571426838346,False,False
2025-07-16 08:00:00,1.344,1.344,0.0,1.344,-0.06474285714306005,False,False
2025-07-16 09:00:00,1.307,1.307,0.0,1.307,-0.0876285714258288,False,False
2025-07-16 10:00:00,1.25,1.25,0.0,1.25,-0.09022857142867179,False,False
2025-07-16 11:00:00,1.206,1.206,0.0,1.206,-0.0686857142865462,False,False
2025-07-16 12:00:00,0.973,0.973,0.0,1.1,-0.055457142853994966,False,False
2025-07-16 13:00:00,1.073,1.073,0.0,1.073,-0.05771428571436676,False,False
2025-07-16 14:00:00,1.1,1.1,0.0,1.1,-0.047771428572262395,False,False
2025-07-16 15:00:00,1.1,1.1,0.0,1.1,-0.03128571428616219,False,False
2025-07-16 16:00:00,0.06,0.06,0.0,1.1,-0.014371428571455135,False,False
2025-07-16 17:00:00,1.893,1.893,0.0,1.893,0.11559999999783348,False,False
2025-07-16 18:00:00,1.712,1.712,0.0,1.712,0.15925714286136397,False,False
2025-07-16 19:00:00,1.856,1.856,0.0,1.856,0.183114285713147,False,False
2025-07-16 20:00:00,1.947,1.947,0.0,1.947,0.18062857142737143,False,False
2025-07-16 21:00:00,2.313,2.313,0.0,2.08,0.14874285714323593,False,False
2025-07-16 22:00:00,2.08,2.08,0.0,2.08,0.060857142852028874,False,False
2025-07-16 23:00:00,2.13,2.13,0.0,2.08,0.07557142857074765,False,False
2025-07-17 00:00:00,1.953,1.953,0.0,1.953,0.0252571428576044,False,False
2025-07-17 01:00:00,1.956,1.956,0.0,1.956,-0.009600000000911647,False,False
2025-07-17 02:00:00,1.881,1.881,0.0,1.956,-0.0319714285706497,False,False
2025-07-17 03:00:00,2.025,2.025,0.0,2.025,-0.01840000000002653,False,False
2025-07-17 04:00:00,1.988,1.988,0.0,1.988,-0.006971428570707132,False,False
2025-07-17 05:00:00,1.969,1.969,0.0,1.969,0.007000000000315621,False,False
2025-07-17 06:00:00,2.031,2.031,0.0,2.031,0.0107714285717267,False,False
2025-07-17 07:00:00,1.877,1.877,0.0,1.877,-0.011314285716298597,False,False
2025-07-17 08:00:00,1.8,1.8,0.0,1.8,-0.039885714285210275,False,False
2025-07-17 09:00:00,1.792,1.792,0.0,1.792,-0.04688571428500309,False,False
2025-07-17 10:00:00,1.86,1.86,0.0,1.86,-0.03825714285674507,False,False
2025-07-17 11:00:00,1.569,1.569,0.0,1.569,-0.06768571428406339,False,False
2025-07-17 13:00:00,1.6,1.6,0.0,1.6,-0.04948571428510607,False,False
2025-07-17 14:00:00,1.462,1.462,0.0,1.462,-0.058788819877478755,False,False
2025-07-17 15:00:00,1.38,1.38,0.0,1.38,-0.07146428571459684,False,False
2025-07-17 16:00:00,1.394,1.394,0.0,1.394,-0.06924844720684292,False,False
2025-07-17 17:00:00,1.444,1.444,0.0,1.444,-0.032428571429981144,False,False
2025-07-17 18:00:00,1.507,1.507,0.0,1.507,-0.014428571429192634,False,False
2025-07-17 19:00:00,1.42,1.42,0.0,1.42,0.006314285714258421,False,False
2025-07-17 20:00:00,1.075,1.075,0.0,1.075,-0.03954285713913669,False,False
2025-07-17 21:00:00,1.217,1.217,0.0,1.217,-0.059399999998593196,False,False
2025-07-17 22:00:00,1.013,1.013,0.0,1.013,-0.09628571429062498,False,False
2025-07-17 23:00:00,1.175,1.175,0.0,1.175,-0.07825714285803254,False,False
2025-07-18 00:00:00,1.193,1.193,0.0,1.025,-0.05368571428634194,False,False
2025-07-18 01:00:00,1.025,1.025,0.0,1.025,-0.01897142857244771,False,False
2025-07-18 02:00:00,0.973,0.973,0.0,0.973,-0.038114285714133195,False,False
2025-07-18 03:00:00,0.507,0.507,0.0,0.507,-0.08959999999106184,False,False
2025-07-18 04:00:00,0.147,0.147,0.0,0.507,-0.14131428572004598,False,False
2025-07-18 06:00:00,30.594,0.441,1.0,0.441,-0.11894285714404824,False,False
2025-07-18 07:00:00,0.619,0.619,0.0,0.619,-0.0786459627334469,False,False
2025-07-18 08:00:00,5.281,5.281,0.0,2.1,0.12639285714499512,False,False
2025-07-18 09:00:00,2.587,2.587,0.0,2.587,0.3323540372620394,False,False
2025-07-18 10:00:00,2.1,2.1,0.0,2.1,0.37831428571667003,False,False
2025-07-18 11:00:00,1.675,1.675,0.0,1.675,0.31714285714524676,False,False
2025-07-18 12:00:00,2.093,2.093,0.0,2.093,0.16022857143363095,False,False
2025-07-18 13:00:00,2.027,2.027,0.0,2.027,-0.0649142857157381,False,False
2025-07-18 14:00:00,1.736,1.736,0.0,1.736,-0.11588571428396542,False,False
2025-07-18 15:00:00,1.7,1.7,0.0,1.7,-0.053800000000997904,False,False
2025-07-18 16:00:00,1.638,1.638,0.0,1.7,-0.03842857142243092,False,False
2025-07-18 17:00:00,1.7,1.7,0.0,1.638,-0.09405714285326204,False,False
2025-07-18 18:00:00,1.56,1.56,0.0,1.56,-0.07511428571331845,False,False
2025-07-18 19:00:00,1.488,1.488,0.0,1.488,-0.04919999999813008,False,False
2025-07-18 20:00:00,1.375,1.375,0.0,1.488,-0.050685714285781495,False,False
2025-07-18 21:00:00,1.427,1.427,0.0,1.427,-0.05391428571368323,False,False
2025-07-18 22:00:00,1.629,1.629,0.0,1.629,-0.012685714285622329,False,False
2025-07-18 23:00:00,1.412,1.412,0.0,1.6,0.016057142860467423,False,False
2025-07-19 00:00:00,1.6,1.6,0.0,1.6,0.03137142857056505,False,False
2025-07-19 01:00:00,2.087,2.087,0.0,2.087,0.09957142856588007,False,False
2025-07-19 02:00:00,2.3,2.3,0.0,2.3,0.16397142856825173,False,False
2025-07-19 03:00:00,2.267,2.267,0.0,2.267,0.16505714284217204,False,False
2025-07-19 04:00:00,2.227,2.227,0.0,2.227,0.1528285714238157,False,False
2025-07-19 05:00:00,2.0,2.0,0.0,2.0,0.06820000000304186,False,False
2025-07-19 06:00:00,2.033,2.033,0.0,2.033,-0.034571428569843805,False,False
2025-07-19 07:00:00,1.785,1.785,0.0,1.785,-0.10011428572090464,False,False
2025-07-19 08:00:00,1.8,1.8,0.0,1.8,-0.10365714285662747,False,False
2025-07-19 09:00:00,1.669,1.669,0.0,1.76,-0.09094285714499026,False,False
2025-07-19 10:00:00,1.76,1.76,0.0,1.76,-0.05725714285819051,False,False
2025-07-19 11:00:00,1.687,1.687,0.0,1.687,-0.05271428571458548,False,False
2025-07-19 12:00:00,1.412,1.412,0.0,1.412,-0.06297142856641232,False,False
2025-07-19 13:00:00,1.5,1.5,0.0,1.5,-0.07477142856938856,False,False
2025-07-19 14:00:00,1.35,1.35,0.0,1.35,-0.08871428571572434,False,False
2025-07-19 15:00:00,1.506,1.506,0.0,1.373,-0.08165714285548141,False,False
2025-07-19 16:00:00,1.373,1.373,0.0,1.373,-0.05248571428520383,False,False
2025-07-19 18:00:00,1.333,1.333,0.0,1.333,-0.018585714284698053,False,False
2025-07-19 19:00:00,1.188,1.188,0.0,1.188,-0.0369006211183738,False,False
2025-07-19 20:00:00,1.012,1.012,0.0,1.012,-0.050857142857206605,False,False
2025-07-19 21:00:00,1.0,1.0,0.0,1.0,-0.06954658384793903,False,False
2025-07-19 22:00:00,0.493,0.493,0.0,0.493,-0.1325999999952517,False,False
2025-07-19 23:00:00,0.194,0.194,0.0,0.194,-0.22262857141694276,True,False
2025-07-20 00:00:00,0.856,0.856,0.0,0.856,-0.13202857142931773,False,False
2025-07-20 02:00:00,30.625,0.61,1.0,0.61,-0.06234285714423718,False,False
2025-07-20 03:00:00,0.094,0.094,0.0,0.61,-0.01873913043784556,False,False
2025-07-20 04:00:00,0.553,0.553,0.0,0.553,0.02735714285664508,False,False
2025-07-20 05:00:00,0.894,0.894,0.0,0.894,0.055322981367500704,False,False
2025-07-20 06:00:00,1.1,1.1,0.0,1.1,0.03951428570972385,False,False
2025-07-20 07:00:00,1.231,1.231,0.0,1.231,0.14045714284695313,False,False
2025-07-20 08:00:00,1.293,1.293,0.0,1.281,0.15985714286344208,False,False
2025-07-20 09:00:00,1.487,1.487,0.0,1.281,0.14091428571357978,False,False
2025-07-20 10:00:00,1.281,1.281,0.0,1.281,0.07222857142631514,False,False
2025-07-20 12:00:00,1.273,1.273,0.0,1.273,0.023114285714014613,False,False
2025-07-20 13:00:00,1.175,1.175,0.0,1.2,-0.004925465838201329,False,False
2025-07-20 14:00:00,1.2,1.2,0.0,1.175,-0.017428571428484176,False,False
2025-07-20 15:00:00,1.153,1.153,0.0,1.153,-0.023223602484196842,False,False
2025-07-20 16:00:00,1.133,1.133,0.0,1.133,-0.027471428570787482,False,False
2025-07-20 17:00:00,1.069,1.069,0.0,1.069,-0.0355142857133723,False,False
2025-07-20 18:00:00,1.107,1.107,0.0,1.107,-0.02294285714270825,False,False
2025-07-20 19:00:00,1.082,1.082,0.0,1.082,-0.01905714285676373,False,False
2025-07-20 20:00:00,1.0,1.0,0.0,1.0,-0.025142857141550023,False,False
2025-07-20 21:00:00,1.047,1.047,0.0,1.047,-0.01891428571455482,False,False
2025-07-20 22:00:00,1.038,1.038,0.0,1.038,-0.01191428571431061,False,False
2025-07-20 23:00:00,0.938,0.938,0.0,0.938,-0.02657142857038349,False,False
