msgTime,liquidLevelValue,liquidLevel_clean,is_outlier
2025/06/15 00:00,5.612,5.612,0
2025/06/15 01:00,5.5,5.5,0
2025/06/15 02:00,5.5,5.5,0
2025/06/15 03:00,5.5,5.5,0
2025/06/15 04:00,31.193,3.958,1
2025/06/15 05:00,2.373,2.373,0
2025/06/15 06:00,2.4,2.4,0
2025/06/15 07:00,2.4,2.4,0
2025/06/15 08:00,2.4,2.4,0
2025/06/15 09:00,3.013,3.013,0
2025/06/15 10:00,3.0,3.0,0
2025/06/15 11:00,3.237,3.237,0
2025/06/15 12:00,3.2,3.2,0
2025/06/15 13:00,3.2,3.2,0
2025/06/15 14:00,3.188,3.188,0
2025/06/15 15:00,3.1,3.1,0
2025/06/15 16:00,3.1,3.1,0
2025/06/15 17:00,3.1,3.1,0
2025/06/15 18:00,3.08,3.08,0
2025/06/15 19:00,3.104,3.104,0
2025/06/15 20:00,3.1,3.1,0
2025/06/15 21:00,3.1,3.1,0
2025/06/15 22:00,3.1,3.1,0
2025/06/15 23:00,2.95,2.95,0
2025/06/16 00:00,2.9,2.9,0
2025/06/16 01:00,2.906,2.906,0
2025/06/16 02:00,4.894,4.894,0
2025/06/16 03:00,5.127,5.127,0
2025/06/16 04:00,6.641,6.641,0
2025/06/16 05:00,7.527,7.527,0
2025/06/16 06:00,7.069,7.069,0
2025/06/16 07:00,7.233,7.233,0
2025/06/16 08:00,6.831,6.831,0
2025/06/16 09:00,6.867,6.867,0
2025/06/16 10:00,6.708,6.708,0
2025/06/16 11:00,6.6,6.6,0
2025/06/16 12:00,6.531,6.531,0
2025/06/16 13:00,6.747,6.747,0
2025/06/16 14:00,6.7,6.7,0
2025/06/16 15:00,6.287,6.287,0
2025/06/16 16:00,6.04,6.04,0
2025/06/16 17:00,6.0,6.0,0
2025/06/16 18:00,6.0,6.0,0
2025/06/16 19:00,6.02,6.02,0
2025/06/16 20:00,6.0,6.0,0
2025/06/16 21:00,5.625,5.625,0
2025/06/16 22:00,5.6,5.6,0
2025/06/16 23:00,5.68,5.68,0
2025/06/17 00:00,5.725,5.725,0
2025/06/17 01:00,5.559,5.559,0
2025/06/17 02:00,5.462,5.462,0
2025/06/17 03:00,5.5,5.5,0
2025/06/17 04:00,5.5,5.5,0
2025/06/17 05:00,5.594,5.594,0
2025/06/17 06:00,5.371,5.371,0
2025/06/17 07:00,5.14,5.14,0
2025/06/17 08:00,5.45,5.45,0
2025/06/17 09:00,5.162,5.162,0
2025/06/17 10:00,4.85,4.85,0
2025/06/17 11:00,4.913,4.913,0
2025/06/17 12:00,4.683,4.683,0
2025/06/17 13:00,4.9,4.9,0
2025/06/17 14:00,5.0,5.0,0
2025/06/18 09:00,6.644,6.644,0
2025/06/18 10:00,6.6,6.6,0
2025/06/18 11:00,6.433,6.433,0
2025/06/18 12:00,6.267,6.267,0
2025/06/18 13:00,6.3,6.3,0
2025/06/18 14:00,6.257,6.257,0
2025/06/18 15:00,6.065,6.065,0
2025/06/18 16:00,6.017,6.017,0
2025/06/18 17:00,6.1,6.1,0
2025/06/18 18:00,5.888,5.888,0
2025/06/18 19:00,5.844,5.844,0
2025/06/18 20:00,5.9,5.9,0
2025/06/18 21:00,5.729,5.729,0
2025/06/18 22:00,5.947,5.947,0
2025/06/18 23:00,6.2,6.2,0
2025/06/19 00:00,6.421,6.421,0
2025/06/19 01:00,6.4,6.4,0
2025/06/19 02:00,6.377,6.377,0
2025/06/19 03:00,6.5,6.5,0
2025/06/19 04:00,6.488,6.488,0
2025/06/19 05:00,6.435,6.435,0
2025/06/19 07:00,6.3,6.3,0
2025/06/19 08:00,6.165,6.165,0
2025/06/19 09:00,6.2,6.2,0
2025/06/19 10:00,6.188,6.188,0
2025/06/19 11:00,6.1,6.1,0
2025/06/19 12:00,6.356,6.356,0
2025/06/19 13:00,6.2,6.2,0
2025/06/19 14:00,6.2,6.2,0
2025/06/19 15:00,7.313,7.313,0
2025/06/19 16:00,7.2,7.2,0
2025/06/19 17:00,13.267,8.7,1
2025/06/19 18:00,8.72,8.72,0
2025/06/19 19:00,8.662,8.662,0
2025/06/19 20:00,8.7,8.7,0
2025/06/19 22:00,8.753,8.753,0
2025/06/19 23:00,8.643,8.643,0
2025/06/20 00:00,8.555,8.555,0
2025/06/20 01:00,8.5,8.5,0
2025/06/20 02:00,6.569,6.569,0
2025/06/20 03:00,6.806,6.806,0
2025/06/20 04:00,6.607,6.607,0
2025/06/20 05:00,6.588,6.588,0
2025/06/20 06:00,6.947,6.947,0
2025/06/20 07:00,6.662,6.662,0
2025/06/20 08:00,6.44,6.44,0
2025/06/20 09:00,6.5,6.5,0
2025/06/20 10:00,6.387,6.387,0
2025/06/20 11:00,6.394,6.394,0
2025/06/20 12:00,6.4,6.4,0
2025/06/20 13:00,6.4,6.4,0
2025/06/20 15:00,6.695,6.695,0
2025/06/20 16:00,7.273,7.273,0
2025/06/20 17:00,7.3,7.3,0
2025/06/20 18:00,7.881,7.881,0
2025/06/20 19:00,7.8,7.8,0
2025/06/20 20:00,7.66,7.66,0
2025/06/20 21:00,7.256,7.256,0
2025/06/20 22:00,6.488,6.488,0
2025/06/20 23:00,6.807,6.807,0
2025/06/21 00:00,6.753,6.753,0
2025/06/21 01:00,6.785,6.785,0
2025/06/21 02:00,6.8,6.8,0
2025/06/21 03:00,7.927,7.927,0
2025/06/21 04:00,8.0,8.0,0
2025/06/21 05:00,8.0,8.0,0
2025/06/21 06:00,9.727,9.727,0
2025/06/21 07:00,9.7,9.7,0
2025/06/21 08:00,9.7,9.7,0
2025/06/21 09:00,10.1,10.1,0
2025/06/21 10:00,10.5,10.5,0
2025/06/21 11:00,10.5,10.5,0
2025/06/21 12:00,11.26,11.26,0
2025/06/21 13:00,12.219,12.219,0
2025/06/21 14:00,12.2,12.2,0
2025/06/21 15:00,12.2,12.2,0
2025/06/21 16:00,14.131,14.131,0
2025/06/21 17:00,14.112,14.112,0
2025/06/21 18:00,14.2,14.2,0
2025/06/21 19:00,14.356,14.356,0
2025/06/21 20:00,14.3,14.3,0
2025/06/21 21:00,14.3,14.3,0
2025/06/21 22:00,13.92,13.92,0
2025/06/21 23:00,14.231,14.231,0
2025/06/22 00:00,14.218,14.218,0
2025/06/22 01:00,14.2,14.2,0
2025/06/22 02:00,14.2,14.2,0
2025/06/22 04:00,8.813,8.813,0
2025/06/22 05:00,6.095,6.095,0
2025/06/22 06:00,5.76,5.76,0
2025/06/22 07:00,5.7,5.7,0
2025/06/22 08:00,5.7,5.7,0
2025/06/22 09:00,5.7,5.7,0
2025/06/22 10:00,7.233,7.233,0
2025/06/22 11:00,7.064,7.064,0
2025/06/22 12:00,7.1,7.1,0
2025/06/22 13:00,7.34,7.34,0
2025/06/22 14:00,7.212,7.212,0
2025/06/22 15:00,7.2,7.2,0
2025/06/22 16:00,7.267,7.267,0
2025/06/22 17:00,7.3,7.3,0
2025/06/22 18:00,7.647,7.647,0
2025/06/22 19:00,7.52,7.52,0
2025/06/22 20:00,7.819,7.819,0
2025/06/22 21:00,7.8,7.8,0
2025/06/22 22:00,7.906,7.906,0
2025/06/22 23:00,7.967,7.967,0
2025/06/23 00:00,8.0,8.0,0
2025/06/23 01:00,8.0,8.0,0
2025/06/23 02:00,8.0,8.0,0
2025/06/23 03:00,8.38,8.38,0
2025/06/23 04:00,8.562,8.562,0
2025/06/23 05:00,8.5,8.5,0
2025/06/23 06:00,9.013,9.013,0
2025/06/23 07:00,8.96,8.96,0
2025/06/23 08:00,9.0,9.0,0
2025/06/23 09:00,9.0,9.0,0
2025/06/23 10:00,9.0,9.0,0
2025/06/23 11:00,9.0,9.0,0
2025/06/23 12:00,9.0,9.0,0
2025/06/23 13:00,10.273,10.273,0
2025/06/23 14:00,10.2,10.2,0
2025/06/23 15:00,10.46,10.46,0
2025/06/23 16:00,10.5,10.5,0
2025/06/23 18:00,10.581,10.581,0
2025/06/23 19:00,10.4,10.4,0
2025/06/23 20:00,10.407,10.407,0
2025/06/23 21:00,10.386,10.386,0
2025/06/23 22:00,10.4,10.4,0
2025/06/23 23:00,10.156,10.156,0
2025/06/24 00:00,9.84,9.84,0
2025/06/24 01:00,9.562,9.562,0
2025/06/24 02:00,9.52,9.52,0
2025/06/24 03:00,9.731,9.731,0
2025/06/24 04:00,9.733,9.733,0
2025/06/24 05:00,9.7,9.7,0
2025/06/24 06:00,9.913,9.913,0
2025/06/24 07:00,9.769,9.769,0
2025/06/24 08:00,9.176,9.176,0
2025/06/24 09:00,9.264,9.264,0
2025/06/24 10:00,9.2,9.2,0
2025/06/24 11:00,9.795,9.795,0
2025/06/24 12:00,9.8,9.8,0
2025/06/24 13:00,9.8,9.8,0
2025/06/24 14:00,9.567,9.567,0
2025/06/24 15:00,9.45,9.45,0
2025/06/24 16:00,9.4,9.4,0
2025/06/24 17:00,10.013,10.013,0
2025/06/24 18:00,10.2,10.2,0
2025/06/24 19:00,10.2,10.2,0
2025/06/24 20:00,10.2,10.2,0
2025/06/24 21:00,10.2,10.2,0
2025/06/24 22:00,10.2,10.2,0
2025/06/24 23:00,9.227,9.227,0
2025/06/25 00:00,9.362,9.362,0
2025/06/25 02:00,9.069,9.069,0
2025/06/25 03:00,9.15,9.15,0
2025/06/25 04:00,8.862,8.862,0
2025/06/25 05:00,8.488,8.488,0
2025/06/25 06:00,8.662,8.662,0
2025/06/25 07:00,8.753,8.753,0
2025/06/25 08:00,9.0,9.0,0
2025/06/25 09:00,9.219,9.219,0
2025/06/25 11:00,9.262,9.262,0
2025/06/25 12:00,8.67,8.67,0
2025/06/25 13:00,8.8,8.8,0
2025/06/25 14:00,8.8,8.8,0
2025/06/25 15:00,8.267,8.267,0
2025/06/25 16:00,8.437,8.437,0
2025/06/25 17:00,8.4,8.4,0
2025/06/25 18:00,8.465,8.465,0
2025/06/25 19:00,8.95,8.95,0
2025/06/25 20:00,8.758,8.758,0
2025/06/25 21:00,8.9,8.9,0
2025/06/25 22:00,8.338,8.338,0
2025/06/25 23:00,8.1,8.1,0
2025/06/26 00:00,8.1,8.1,0
2025/06/26 01:00,8.388,8.388,0
2025/06/26 02:00,8.36,8.36,0
2025/06/26 03:00,8.076,8.076,0
2025/06/26 04:00,7.873,7.873,0
2025/06/26 05:00,7.865,7.865,0
2025/06/26 06:00,8.233,8.233,0
2025/06/26 07:00,8.487,8.487,0
2025/06/26 08:00,8.581,8.581,0
2025/06/26 09:00,8.814,8.814,0
2025/06/26 10:00,8.8,8.8,0
2025/06/26 11:00,8.838,8.838,0
2025/06/26 12:00,8.433,8.433,0
2025/06/26 13:00,8.253,8.253,0
2025/06/26 14:00,8.787,8.787,0
2025/06/26 15:00,8.507,8.507,0
2025/06/26 16:00,8.12,8.12,0
2025/06/26 17:00,7.706,7.706,0
2025/06/26 18:00,7.8,7.8,0
2025/06/26 20:00,7.953,7.953,0
2025/06/26 21:00,8.27,8.27,0
2025/06/26 22:00,8.06,8.06,0
2025/06/26 23:00,8.1,8.1,0
2025/06/27 00:00,8.525,8.525,0
2025/06/27 01:00,9.962,9.962,0
2025/06/27 02:00,10.413,10.413,0
2025/06/27 03:00,11.118,11.118,0
2025/06/27 04:00,11.413,11.413,0
2025/06/27 05:00,11.347,11.347,0
2025/06/27 06:00,11.293,11.293,0
2025/06/27 07:00,11.431,11.431,0
2025/06/27 09:00,11.6,11.6,0
2025/06/27 10:00,11.6,11.6,0
2025/06/27 11:00,11.269,11.269,0
2025/06/27 12:00,11.3,11.3,0
2025/06/27 13:00,11.481,11.481,0
2025/06/27 14:00,11.475,11.475,0
2025/06/27 15:00,11.4,11.4,0
2025/06/27 16:00,11.4,11.4,0
2025/06/27 17:00,11.4,11.4,0
2025/06/27 18:00,11.4,11.4,0
2025/06/27 19:00,11.4,11.4,0
2025/06/27 20:00,11.607,11.607,0
2025/06/27 21:00,11.562,11.562,0
2025/06/27 22:00,10.631,10.631,0
2025/06/27 23:00,11.733,11.733,0
2025/06/28 00:00,11.7,11.7,0
2025/06/28 01:00,11.22,11.22,0
2025/06/28 02:00,10.9,10.9,0
2025/06/28 03:00,10.854,10.854,0
2025/06/28 04:00,10.9,10.9,0
2025/06/28 05:00,11.019,11.019,0
2025/06/28 06:00,11.159,11.159,0
2025/06/28 07:00,10.5,10.5,0
2025/06/28 08:00,10.856,10.856,0
2025/06/28 09:00,10.2,10.2,0
2025/06/28 10:00,10.047,10.047,0
2025/06/28 11:00,10.181,10.181,0
2025/06/28 12:00,9.8,9.8,0
2025/06/28 13:00,9.8,9.8,0
2025/06/28 14:00,10.276,10.276,0
2025/06/28 15:00,10.3,10.3,0
2025/06/28 16:00,9.694,9.694,0
2025/06/28 17:00,10.007,10.007,0
2025/06/28 18:00,10.169,10.169,0
2025/06/28 19:00,9.862,9.862,0
2025/06/28 20:00,9.9,9.9,0
2025/06/28 21:00,9.34,9.34,0
2025/06/28 23:00,9.54,9.54,0
2025/06/29 00:00,9.435,9.435,0
2025/06/29 01:00,9.631,9.631,0
2025/06/29 02:00,9.438,9.438,0
2025/06/29 03:00,9.907,9.907,0
2025/06/29 04:00,10.094,10.094,0
2025/06/29 05:00,9.867,9.867,0
2025/06/29 06:00,9.806,9.806,0
2025/06/29 07:00,9.9,9.9,0
2025/06/29 09:00,9.68,9.68,0
2025/06/29 10:00,9.919,9.919,0
2025/06/29 11:00,10.108,10.108,0
2025/06/29 12:00,10.1,10.1,0
2025/06/29 13:00,9.731,9.731,0
2025/06/29 14:00,9.538,9.538,0
2025/06/29 15:00,9.607,9.607,0
2025/06/29 16:00,10.038,10.038,0
2025/06/29 17:00,10.04,10.04,0
2025/06/29 18:00,10.031,10.031,0
2025/06/29 19:00,10.0,10.0,0
2025/06/29 20:00,9.5,9.5,0
2025/06/29 21:00,9.5,9.5,0
2025/06/29 22:00,9.6,9.6,0
2025/06/29 23:00,9.453,9.453,0
2025/06/30 00:00,9.4,9.4,0
2025/06/30 01:00,9.4,9.4,0
2025/06/30 02:00,9.473,9.473,0
2025/06/30 03:00,9.444,9.444,0
2025/06/30 04:00,8.976,8.976,0
2025/06/30 05:00,8.493,8.493,0
2025/06/30 06:00,8.9,8.9,0
2025/06/30 07:00,9.133,9.133,0
2025/06/30 08:00,8.5,8.5,0
2025/06/30 09:00,8.357,8.357,0
2025/06/30 10:00,8.3,8.3,0
2025/06/30 11:00,8.475,8.475,0
2025/06/30 12:00,8.313,8.313,0
2025/06/30 13:00,8.256,8.256,0
2025/06/30 14:00,7.92,7.92,0
2025/06/30 15:00,8.2,8.2,0
2025/06/30 16:00,8.2,8.2,0
2025/06/30 17:00,8.5,8.5,0
2025/06/30 18:00,8.5,8.5,0
2025/06/30 19:00,8.5,8.5,0
2025/06/30 20:00,8.5,8.5,0
2025/06/30 21:00,8.5,8.5,0
2025/06/30 22:00,7.54,7.54,0
2025/06/30 23:00,7.769,7.769,0
2025/07/01 00:00,7.65,7.65,0
2025/07/01 01:00,7.744,7.744,0
2025/07/01 02:00,7.456,7.456,0
2025/07/01 03:00,6.987,6.987,0
2025/07/01 04:00,6.994,6.994,0
2025/07/01 05:00,7.033,7.033,0
2025/07/01 06:00,7.1,7.1,0
2025/07/01 07:00,7.4,7.4,0
2025/07/01 08:00,8.227,8.227,0
2025/07/01 09:00,8.907,8.907,0
2025/07/01 10:00,8.475,8.475,0
2025/07/01 11:00,7.813,7.813,0
2025/07/01 12:00,7.8,7.8,0
2025/07/01 13:00,8.513,8.513,0
2025/07/01 14:00,7.894,7.894,0
2025/07/01 15:00,7.493,7.493,0
2025/07/01 16:00,7.5,7.5,0
2025/07/01 17:00,7.468,7.468,0
2025/07/01 18:00,7.993,7.993,0
2025/07/01 19:00,8.2,8.2,0
2025/07/01 20:00,7.844,7.844,0
2025/07/01 21:00,6.031,6.031,0
2025/07/01 22:00,7.4,7.4,0
2025/07/01 23:00,8.0,8.0,0
2025/07/02 00:00,9.571,9.571,0
2025/07/02 01:00,9.794,9.794,0
2025/07/02 03:00,10.862,10.862,0
2025/07/02 04:00,11.387,11.387,0
2025/07/02 05:00,12.22,12.22,0
2025/07/02 06:00,12.94,12.94,0
2025/07/02 07:00,13.981,13.981,0
2025/07/02 08:00,14.577,14.577,0
2025/07/02 09:00,14.34,14.34,0
2025/07/02 10:00,14.4,14.4,0
2025/07/02 11:00,14.2,14.2,0
2025/07/02 12:00,14.106,14.106,0
2025/07/02 13:00,14.067,14.067,0
2025/07/02 14:00,13.95,13.95,0
2025/07/02 15:00,14.18,14.18,0
2025/07/02 16:00,14.2,14.2,0
2025/07/03 08:00,11.907,11.907,0
2025/07/03 09:00,11.831,11.831,0
2025/07/03 10:00,11.7,11.7,0
2025/07/03 11:00,11.575,11.575,0
2025/07/03 12:00,11.807,11.807,0
2025/07/03 13:00,12.15,12.15,0
2025/07/03 14:00,12.0,12.0,0
2025/07/03 15:00,11.6,11.6,0
2025/07/03 16:00,11.6,11.6,0
2025/07/03 17:00,11.6,11.6,0
2025/07/03 18:00,11.727,11.727,0
2025/07/03 19:00,11.527,11.527,0
2025/07/03 20:00,11.0,11.0,0
2025/07/03 21:00,10.747,10.747,0
2025/07/03 22:00,11.22,11.22,0
2025/07/03 23:00,11.294,11.294,0
2025/07/04 00:00,11.05,11.05,0
2025/07/04 01:00,11.0,11.0,0
2025/07/04 02:00,10.42,10.42,0
2025/07/04 03:00,10.762,10.762,0
2025/07/04 04:00,10.588,10.588,0
2025/07/04 05:00,10.075,10.075,0
2025/07/04 06:00,10.531,10.531,0
2025/07/04 07:00,10.2,10.2,0
2025/07/04 08:00,10.1,10.1,0
2025/07/04 09:00,10.318,10.318,0
2025/07/04 10:00,9.993,9.993,0
2025/07/04 11:00,9.773,9.773,0
2025/07/04 12:00,10.156,10.156,0
2025/07/04 13:00,10.6,10.6,0
2025/07/04 14:00,10.694,10.694,0
2025/07/04 15:00,10.7,10.7,0
2025/07/04 16:00,10.344,10.344,0
2025/07/04 17:00,9.745,9.745,0
2025/07/04 18:00,9.45,9.45,0
2025/07/04 19:00,9.4,9.4,0
2025/07/04 20:00,9.6,9.6,0
2025/07/04 21:00,9.393,9.393,0
2025/07/04 22:00,9.4,9.4,0
2025/07/04 23:00,10.047,10.047,0
2025/07/05 00:00,9.475,9.475,0
2025/07/05 01:00,9.583,9.583,0
2025/07/05 02:00,9.6,9.6,0
2025/07/05 03:00,9.653,9.653,0
2025/07/05 04:00,9.193,9.193,0
2025/07/05 05:00,9.388,9.388,0
2025/07/05 06:00,9.053,9.053,0
2025/07/05 07:00,8.831,8.831,0
2025/07/05 08:00,8.388,8.388,0
2025/07/05 09:00,7.888,7.888,0
2025/07/05 10:00,7.793,7.793,0
2025/07/05 11:00,7.706,7.706,0
2025/07/05 13:00,7.32,7.32,0
2025/07/05 14:00,7.788,7.788,0
2025/07/05 15:00,7.569,7.569,0
2025/07/05 16:00,8.04,8.04,0
2025/07/05 17:00,6.819,6.819,0
2025/07/05 19:00,7.075,7.075,0
2025/07/05 20:00,7.044,7.044,0
2025/07/05 21:00,7.031,7.031,0
2025/07/05 22:00,7.0,7.0,0
2025/07/05 23:00,6.919,6.919,0
2025/07/06 00:00,7.038,7.038,0
2025/07/06 01:00,7.0,7.0,0
2025/07/06 02:00,7.667,7.667,0
2025/07/06 03:00,7.775,7.775,0
2025/07/06 04:00,8.4,8.4,0
2025/07/06 05:00,8.433,8.433,0
2025/07/06 06:00,9.471,9.471,0
2025/07/06 07:00,9.75,9.75,0
2025/07/06 08:00,10.319,10.319,0
2025/07/06 09:00,10.113,10.113,0
2025/07/06 10:00,10.082,10.082,0
2025/07/06 11:00,10.1,10.1,0
2025/07/06 12:00,10.244,10.244,0
2025/07/06 13:00,10.473,10.473,0
2025/07/06 14:00,10.573,10.573,0
2025/07/06 15:00,10.393,10.393,0
2025/07/06 16:00,9.838,9.838,0
2025/07/06 17:00,9.456,9.456,0
2025/07/06 18:00,9.5,9.5,0
2025/07/06 19:00,9.553,9.553,0
2025/07/06 20:00,9.5,9.5,0
2025/07/06 21:00,9.4,9.4,0
2025/07/06 22:00,9.4,9.4,0
2025/07/06 23:00,9.753,9.753,0
2025/07/07 00:00,9.45,9.45,0
2025/07/07 01:00,9.729,9.729,0
2025/07/07 02:00,9.55,9.55,0
2025/07/07 03:00,9.238,9.238,0
2025/07/07 04:00,9.306,9.306,0
2025/07/07 05:00,8.525,8.525,0
2025/07/07 06:00,8.764,8.764,0
2025/07/07 07:00,8.7,8.7,0
2025/07/07 08:00,7.825,7.825,0
2025/07/07 09:00,7.931,7.931,0
2025/07/07 10:00,7.288,7.288,0
2025/07/07 11:00,7.147,7.147,0
2025/07/07 12:00,7.333,7.333,0
2025/07/07 13:00,6.993,6.993,0
2025/07/07 14:00,6.719,6.719,0
2025/07/07 15:00,6.64,6.64,0
2025/07/07 17:00,6.738,6.738,0
2025/07/07 18:00,6.35,6.35,0
2025/07/07 19:00,6.638,6.638,0
2025/07/07 20:00,6.448,6.448,0
2025/07/07 21:00,6.767,6.767,0
2025/07/07 22:00,6.8,6.8,0
2025/07/07 23:00,6.525,6.525,0
2025/07/08 00:00,6.606,6.606,0
2025/07/08 01:00,6.594,6.594,0
2025/07/08 02:00,6.5,6.5,0
2025/07/08 03:00,6.633,6.633,0
2025/07/08 04:00,6.641,6.641,0
2025/07/08 05:00,6.5,6.5,0
2025/07/08 06:00,6.6,6.6,0
2025/07/08 07:00,8.375,8.375,0
2025/07/08 08:00,6.775,6.775,0
2025/07/08 09:00,6.846,6.846,0
2025/07/08 10:00,6.8,6.8,0
2025/07/08 11:00,7.812,7.812,0
2025/07/08 12:00,8.095,8.095,0
2025/07/08 13:00,8.093,8.093,0
2025/07/08 14:00,8.147,8.147,0
2025/07/08 15:00,8.2,8.2,0
2025/07/08 16:00,7.96,7.96,0
2025/07/08 17:00,7.7,7.7,0
2025/07/08 19:00,7.594,7.594,0
2025/07/08 20:00,7.6,7.6,0
2025/07/08 21:00,7.594,7.594,0
2025/07/08 22:00,7.6,7.6,0
2025/07/08 23:00,6.447,6.447,0
2025/07/09 00:00,6.519,6.519,0
2025/07/09 01:00,6.253,6.253,0
2025/07/09 03:00,6.469,6.469,0
2025/07/09 04:00,6.165,6.165,0
2025/07/09 05:00,5.981,5.981,0
2025/07/09 06:00,6.0,6.0,0
2025/07/09 07:00,5.68,5.68,0
2025/07/09 08:00,5.694,5.694,0
2025/07/09 09:00,5.538,5.538,0
2025/07/09 10:00,5.506,5.506,0
2025/07/09 11:00,5.515,5.515,0
2025/07/09 12:00,5.5,5.5,0
2025/07/09 13:00,5.519,5.519,0
2025/07/09 14:00,5.5,5.5,0
2025/07/09 15:00,5.212,5.212,0
2025/07/09 16:00,5.367,5.367,0
2025/07/09 17:00,5.388,5.388,0
2025/07/09 18:00,5.392,5.392,0
2025/07/09 19:00,5.5,5.5,0
2025/07/09 20:00,5.394,5.394,0
2025/07/09 21:00,5.444,5.444,0
2025/07/09 22:00,5.5,5.5,0
2025/07/09 23:00,6.594,6.594,0
2025/07/10 00:00,6.681,6.681,0
2025/07/10 01:00,6.365,6.365,0
2025/07/10 02:00,5.987,5.987,0
2025/07/10 03:00,6.0,6.0,0
2025/07/10 05:00,5.881,5.881,0
2025/07/10 06:00,5.725,5.725,0
2025/07/10 07:00,5.687,5.687,0
2025/07/10 08:00,5.488,5.488,0
2025/07/10 09:00,5.413,5.413,0
2025/07/10 10:00,5.25,5.25,0
2025/07/10 11:00,5.4,5.4,0
2025/07/10 12:00,5.413,5.413,0
2025/07/10 14:00,5.331,5.331,0
2025/07/10 15:00,5.269,5.269,0
2025/07/10 16:00,5.181,5.181,0
2025/07/10 17:00,5.267,5.267,0
2025/07/10 18:00,5.213,5.213,0
2025/07/10 19:00,5.35,5.35,0
2025/07/10 20:00,5.307,5.307,0
2025/07/10 21:00,5.286,5.286,0
2025/07/10 22:00,5.3,5.3,0
2025/07/10 23:00,5.244,5.244,0
2025/07/11 00:00,5.207,5.207,0
2025/07/11 01:00,5.347,5.347,0
2025/07/11 02:00,5.204,5.204,0
2025/07/11 04:00,19.381,3.97,1
2025/07/11 05:00,31.281,3.902,1
2025/07/11 06:00,4.933,4.933,0
2025/07/11 07:00,4.794,4.794,0
2025/07/11 08:00,31.307,4.656,1
2025/07/11 09:00,4.225,4.225,0
2025/07/11 10:00,31.133,4.8,1
2025/07/11 11:00,31.1,4.8,1
2025/07/11 12:00,31.1,4.8,1
2025/07/11 13:00,6.985,6.985,0
2025/07/11 14:00,7.0,7.0,0
2025/07/11 15:00,7.053,7.053,0
2025/07/11 16:00,7.1,7.1,0
2025/07/11 17:00,7.1,7.1,0
2025/07/11 18:00,6.033,6.033,0
2025/07/11 19:00,5.773,5.773,0
2025/07/11 20:00,5.8,5.8,0
2025/07/11 21:00,5.794,5.794,0
2025/07/11 22:00,4.9,4.9,0
2025/07/11 23:00,4.082,4.082,0
2025/07/12 00:00,4.1,4.1,0
2025/07/12 01:00,5.533,5.533,0
2025/07/12 02:00,5.394,5.394,0
2025/07/12 03:00,5.144,5.144,0
2025/07/12 04:00,4.873,4.873,0
2025/07/12 05:00,4.556,4.556,0
2025/07/12 06:00,4.145,4.145,0
2025/07/12 07:00,4.1,4.1,0
2025/07/12 08:00,3.887,3.887,0
2025/07/12 09:00,3.6,3.6,0
2025/07/12 10:00,3.706,3.706,0
2025/07/12 11:00,3.647,3.647,0
2025/07/12 12:00,4.84,4.84,0
2025/07/12 13:00,4.606,4.606,0
2025/07/12 14:00,4.606,4.606,0
2025/07/12 15:00,4.6,4.6,0
2025/07/12 16:00,31.28,4.587,1
2025/07/12 17:00,31.2,4.587,1
2025/07/12 18:00,31.333,4.587,1
2025/07/12 19:00,31.3,4.587,1
2025/07/12 20:00,31.3,4.587,1
2025/07/12 21:00,31.3,4.587,1
2025/07/12 22:00,31.7,4.587,1
2025/07/12 23:00,31.42,4.587,1
2025/07/13 00:00,31.388,4.587,1
2025/07/13 01:00,31.26,4.587,1
2025/07/13 02:00,31.257,4.587,1
2025/07/13 03:00,31.3,4.587,1
2025/07/13 04:00,31.338,4.587,1
2025/07/13 05:00,31.3,4.587,1
2025/07/13 06:00,31.3,4.587,1
2025/07/13 07:00,31.4,4.587,1
2025/07/13 08:00,31.394,4.587,1
2025/07/13 09:00,31.225,4.587,1
2025/07/13 10:00,31.256,4.587,1
2025/07/13 11:00,31.244,4.587,1
2025/07/13 12:00,31.229,4.587,1
2025/07/13 13:00,31.231,4.587,1
2025/07/13 14:00,31.22,4.587,1
2025/07/13 15:00,31.238,4.587,1
2025/07/13 16:00,31.253,4.587,1
2025/07/13 17:00,31.2,4.587,1
2025/07/13 18:00,31.2,4.587,1
2025/07/13 19:00,31.244,4.587,1
2025/07/13 20:00,31.2,4.587,1
2025/07/13 21:00,31.2,4.587,1
2025/07/13 22:00,31.2,4.587,1
2025/07/13 23:00,31.253,4.587,1
2025/07/14 00:00,31.394,4.587,1
2025/07/14 01:00,4.341,4.341,0
2025/07/14 02:00,1.812,1.812,0
2025/07/14 03:00,2.412,2.412,0
2025/07/14 04:00,1.306,1.306,0
2025/07/14 05:00,4.965,4.965,0
2025/07/14 06:00,4.94,4.94,0
2025/07/14 08:00,5.956,5.956,0
2025/07/14 09:00,5.688,5.688,0
2025/07/14 10:00,5.431,5.431,0
2025/07/14 11:00,5.314,5.314,0
2025/07/14 12:00,5.267,5.267,0
2025/07/14 13:00,5.3,5.3,0
2025/07/14 14:00,5.333,5.333,0
2025/07/14 15:00,5.273,5.273,0
2025/07/14 16:00,5.3,5.3,0
2025/07/14 17:00,5.338,5.338,0
2025/07/14 18:00,5.519,5.519,0
2025/07/14 19:00,5.512,5.512,0
2025/07/14 20:00,5.5,5.5,0
2025/07/14 21:00,5.5,5.5,0
2025/07/14 22:00,6.627,6.627,0
2025/07/14 23:00,6.807,6.807,0
2025/07/15 00:00,6.8,6.8,0
2025/07/15 01:00,7.819,7.819,0
2025/07/15 02:00,8.175,8.175,0
2025/07/15 03:00,8.519,8.519,0
2025/07/15 04:00,9.7,9.7,0
2025/07/15 05:00,10.412,10.412,0
2025/07/15 06:00,10.4,10.4,0
2025/07/15 07:00,10.1,10.1,0
2025/07/15 08:00,10.131,10.131,0
2025/07/15 09:00,10.431,10.431,0
2025/07/15 11:00,9.788,9.788,0
2025/07/15 12:00,10.3,10.3,0
2025/07/15 13:00,10.35,10.35,0
2025/07/15 14:00,10.4,10.4,0
2025/07/15 15:00,10.1,10.1,0
2025/07/15 16:00,10.314,10.314,0
2025/07/15 17:00,10.1,10.1,0
2025/07/15 18:00,10.1,10.1,0
2025/07/15 19:00,9.433,9.433,0
2025/07/15 20:00,9.4,9.4,0
2025/07/15 21:00,8.825,8.825,0
2025/07/15 22:00,8.962,8.962,0
2025/07/15 23:00,9.476,9.476,0
2025/07/16 00:00,9.1,9.1,0
2025/07/16 01:00,8.756,8.756,0
2025/07/16 03:00,9.107,9.107,0
2025/07/16 04:00,8.544,8.544,0
2025/07/16 05:00,8.613,8.613,0
2025/07/16 06:00,7.769,7.769,0
2025/07/16 07:00,8.019,8.019,0
2025/07/16 08:00,7.313,7.313,0
2025/07/16 09:00,7.062,7.062,0
2025/07/16 10:00,7.106,7.106,0
2025/07/16 11:00,6.893,6.893,0
2025/07/16 13:00,6.65,6.65,0
2025/07/16 14:00,6.615,6.615,0
2025/07/16 15:00,6.45,6.45,0
2025/07/16 16:00,6.4,6.4,0
2025/07/16 17:00,10.447,10.447,0
2025/07/16 18:00,10.345,10.345,0
2025/07/16 19:00,10.3,10.3,0
2025/07/16 20:00,10.3,10.3,0
2025/07/16 21:00,10.207,10.207,0
2025/07/16 22:00,9.894,9.894,0
2025/07/16 23:00,10.3,10.3,0
2025/07/17 00:00,10.025,10.025,0
2025/07/17 01:00,9.564,9.564,0
2025/07/17 02:00,9.5,9.5,0
2025/07/17 03:00,9.956,9.956,0
2025/07/17 04:00,10.044,10.044,0
2025/07/17 05:00,9.387,9.387,0
2025/07/17 06:00,9.6,9.6,0
2025/07/17 07:00,9.067,9.067,0
2025/07/17 08:00,9.019,9.019,0
2025/07/17 09:00,9.267,9.267,0
2025/07/17 10:00,9.019,9.019,0
2025/07/17 11:00,8.593,8.593,0
2025/07/17 12:00,8.7,8.7,0
2025/07/17 13:00,8.406,8.406,0
2025/07/17 14:00,9.306,9.306,0
2025/07/17 15:00,9.65,9.65,0
2025/07/17 16:00,9.7,9.7,0
2025/07/17 17:00,9.7,9.7,0
2025/07/17 18:00,9.7,9.7,0
2025/07/17 19:00,8.3,8.3,0
2025/07/17 20:00,8.3,8.3,0
2025/07/17 21:00,7.938,7.938,0
2025/07/17 22:00,7.831,7.831,0
2025/07/17 23:00,8.538,8.538,0
2025/07/18 00:00,8.481,8.481,0
2025/07/18 01:00,7.929,7.929,0
2025/07/18 02:00,7.4,7.4,0
2025/07/18 04:00,7.747,7.747,0
2025/07/18 05:00,7.12,7.12,0
2025/07/18 06:00,7.0,7.0,0
2025/07/18 07:00,6.647,6.647,0
2025/07/18 08:00,6.419,6.419,0
2025/07/18 09:00,6.544,6.544,0
2025/07/18 10:00,6.573,6.573,0
2025/07/18 11:00,6.594,6.594,0
2025/07/18 12:00,6.5,6.5,0
2025/07/18 13:00,6.5,6.5,0
2025/07/18 14:00,6.26,6.26,0
2025/07/18 15:00,6.25,6.25,0
2025/07/18 16:00,6.4,6.4,0
2025/07/18 17:00,6.406,6.406,0
2025/07/18 18:00,6.533,6.533,0
2025/07/18 19:00,6.465,6.465,0
2025/07/18 20:00,6.44,6.44,0
2025/07/18 21:00,6.331,6.331,0
2025/07/18 22:00,6.4,6.4,0
2025/07/18 23:00,6.627,6.627,0
2025/07/19 00:00,6.281,6.281,0
2025/07/19 01:00,5.236,5.236,0
2025/07/19 02:00,5.188,5.188,0
2025/07/19 03:00,5.244,5.244,0
2025/07/19 04:00,4.919,4.919,0
2025/07/19 05:00,4.794,4.794,0
2025/07/19 06:00,4.194,4.194,0
2025/07/19 07:00,4.708,4.708,0
2025/07/19 08:00,4.7,4.7,0
2025/07/19 09:00,4.988,4.988,0
2025/07/19 10:00,4.769,4.769,0
2025/07/19 11:00,4.469,4.469,0
2025/07/19 12:00,4.562,4.562,0
2025/07/19 13:00,4.38,4.38,0
2025/07/19 14:00,4.55,4.55,0
2025/07/19 15:00,4.612,4.612,0
2025/07/19 16:00,4.5,4.5,0
2025/07/19 17:00,4.57,4.57,0
2025/07/19 18:00,4.619,4.619,0
2025/07/19 19:00,4.6,4.6,0
2025/07/19 20:00,4.6,4.6,0
2025/07/19 21:00,4.6,4.6,0
2025/07/19 22:00,4.494,4.494,0
2025/07/19 23:00,4.46,4.46,0
2025/07/20 00:00,4.347,4.347,0
2025/07/20 01:00,4.181,4.181,0
2025/07/20 02:00,4.053,4.053,0
2025/07/20 04:00,4.069,4.069,0
2025/07/20 05:00,4.02,4.02,0
2025/07/20 06:00,4.031,4.031,0
2025/07/20 07:00,3.906,3.906,0
2025/07/20 08:00,3.987,3.987,0
2025/07/20 09:00,4.012,4.012,0
2025/07/20 10:00,4.019,4.019,0
2025/07/20 11:00,4.067,4.067,0
2025/07/20 12:00,4.04,4.04,0
2025/07/20 13:00,4.0,4.0,0
2025/07/20 14:00,3.912,3.912,0
2025/07/20 15:00,3.9,3.9,0
2025/07/20 16:00,4.047,4.047,0
2025/07/20 17:00,4.112,4.112,0
2025/07/20 18:00,4.086,4.086,0
2025/07/20 19:00,4.093,4.093,0
2025/07/20 20:00,4.1,4.1,0
2025/07/20 21:00,4.1,4.1,0
2025/07/20 22:00,4.127,4.127,0
2025/07/20 23:00,4.2,4.2,0
2025/07/21 00:00,4.2,4.2,0
2025/07/21 01:00,4.181,4.181,0
2025/07/21 02:00,4.094,4.094,0
2025/07/21 03:00,4.156,4.156,0
2025/07/21 04:00,4.162,4.162,0
2025/07/21 05:00,4.127,4.127,0
2025/07/21 06:00,4.233,4.233,0
2025/07/21 07:00,4.247,4.247,0
2025/07/21 08:00,4.3,4.3,0
2025/07/21 10:00,19.506,4.3,1
2025/07/21 11:00,31.2,4.141,1
2025/07/21 12:00,31.262,4.141,1
2025/07/21 13:00,3.707,3.707,0
2025/07/21 14:00,3.688,3.688,0
2025/07/21 15:00,3.733,3.733,0
2025/07/21 16:00,3.631,3.631,0
2025/07/21 17:00,3.6,3.6,0
2025/07/21 18:00,3.6,3.6,0
2025/07/21 19:00,3.6,3.6,0
2025/07/21 20:00,3.656,3.656,0
2025/07/21 21:00,3.6,3.6,0
2025/07/21 22:00,7.447,3.76,1
2025/07/21 23:00,3.8,3.8,0
2025/07/22 00:00,3.7,3.7,0
2025/07/22 01:00,3.8,3.8,0
2025/07/22 02:00,3.8,3.8,0
2025/07/22 03:00,3.688,3.688,0
2025/07/22 04:00,3.756,3.756,0
2025/07/22 05:00,15.059,3.7,1
2025/07/22 06:00,3.733,3.733,0
2025/07/22 07:00,3.681,3.681,0
2025/07/22 08:00,31.267,3.652,1
2025/07/22 09:00,3.6,3.6,0
2025/07/22 10:00,11.013,3.62,1
2025/07/22 11:00,3.7,3.7,0
2025/07/22 12:00,3.662,3.662,0
2025/07/22 13:00,3.7,3.7,0
2025/07/22 14:00,3.656,3.656,0
2025/07/22 15:00,3.7,3.7,0
2025/07/22 17:00,3.638,3.638,0
2025/07/22 18:00,3.6,3.6,0
2025/07/22 19:00,3.6,3.6,0
2025/07/22 20:00,3.6,3.6,0
2025/07/22 21:00,3.6,3.6,0
2025/07/22 22:00,3.483,3.483,0
2025/07/22 23:00,3.5,3.5,0
2025/07/23 00:00,3.573,3.573,0
2025/07/23 01:00,3.553,3.553,0
2025/07/23 02:00,3.656,3.656,0
2025/07/23 03:00,3.607,3.607,0
2025/07/23 04:00,3.615,3.615,0
2025/07/23 05:00,3.6,3.6,0
2025/07/23 06:00,3.575,3.575,0
2025/07/23 07:00,3.688,3.688,0
2025/07/23 08:00,3.5,3.5,0
2025/07/23 09:00,3.553,3.553,0
2025/07/23 10:00,3.413,3.413,0
2025/07/23 11:00,3.4,3.4,0
2025/07/23 12:00,17.3,3.4,1
2025/07/23 13:00,3.4,3.4,0
2025/07/23 14:00,3.4,3.4,0
2025/07/23 15:00,3.373,3.373,0
2025/07/23 16:00,19.019,3.4,1
2025/07/23 17:00,31.267,3.365,1
2025/07/23 18:00,31.3,3.365,1
2025/07/23 19:00,3.353,3.353,0
2025/07/23 20:00,3.38,3.38,0
2025/07/23 21:00,5.0,3.365,1
2025/07/23 22:00,3.4,3.4,0
2025/07/23 23:00,31.3,3.368,1
2025/07/24 00:00,31.312,3.368,1
2025/07/24 01:00,31.175,3.368,1
2025/07/24 02:00,31.344,3.368,1
2025/07/24 03:00,31.3,3.368,1
2025/07/24 04:00,31.3,3.368,1
2025/07/24 05:00,26.031,3.2,1
2025/07/24 06:00,31.394,3.2,1
2025/07/24 07:00,31.28,3.2,1
2025/07/24 08:00,31.381,3.2,1
2025/07/24 09:00,31.26,3.2,1
2025/07/24 10:00,31.25,3.2,1
2025/07/24 11:00,31.206,3.2,1
2025/07/24 12:00,31.3,3.2,1
2025/07/24 13:00,31.3,3.2,1
2025/07/24 14:00,31.3,3.2,1
2025/07/24 15:00,31.26,3.2,1
2025/07/24 16:00,31.186,3.2,1
2025/07/24 17:00,31.187,3.2,1
2025/07/24 19:00,31.244,3.2,1
2025/07/24 20:00,31.2,3.2,1
2025/07/24 21:00,31.143,3.2,1
2025/07/24 22:00,31.2,3.2,1
2025/07/24 23:00,31.2,3.2,1
2025/07/25 00:00,31.294,3.2,1
2025/07/25 01:00,31.273,3.2,1
2025/07/25 02:00,31.194,3.2,1
2025/07/25 03:00,31.2,3.2,1
2025/07/25 04:00,31.331,3.2,1
2025/07/25 05:00,31.262,3.2,1
2025/07/25 06:00,31.327,3.2,1
2025/07/25 07:00,31.324,3.2,1
2025/07/25 08:00,31.294,3.2,1
2025/07/25 09:00,31.206,3.2,1
2025/07/25 10:00,31.233,3.2,1
2025/07/25 11:00,31.206,3.2,1
2025/07/25 12:00,31.2,3.2,1
2025/07/25 13:00,31.2,3.2,1
2025/07/25 15:00,31.247,3.2,1
2025/07/25 16:00,3.127,3.127,0
2025/07/25 17:00,8.4,3.175,1
2025/07/25 18:00,3.2,3.2,0
2025/07/25 19:00,3.2,3.2,0
2025/07/25 20:00,3.2,3.2,0
2025/07/25 21:00,3.113,3.113,0
2025/07/25 22:00,3.255,3.255,0
2025/07/25 23:00,3.113,3.113,0
2025/07/26 01:00,3.087,3.087,0
2025/07/26 02:00,3.175,3.175,0
2025/07/26 03:00,3.156,3.156,0
2025/07/26 04:00,3.212,3.212,0
2025/07/26 05:00,3.193,3.193,0
2025/07/26 06:00,3.175,3.175,0
2025/07/26 07:00,3.14,3.14,0
2025/07/26 08:00,3.244,3.244,0
2025/07/26 10:00,3.067,3.067,0
2025/07/26 11:00,3.15,3.15,0
2025/07/26 12:00,3.12,3.12,0
2025/07/26 13:00,3.1,3.1,0
2025/07/26 14:00,3.1,3.1,0
2025/07/26 15:00,3.1,3.1,0
2025/07/26 16:00,3.162,3.162,0
2025/07/26 17:00,3.1,3.1,0
2025/07/26 18:00,3.1,3.1,0
2025/07/26 19:00,3.1,3.1,0
2025/07/26 20:00,3.193,3.193,0
2025/07/26 21:00,3.047,3.047,0
2025/07/26 22:00,3.1,3.1,0
2025/07/26 23:00,3.1,3.1,0
2025/07/27 00:00,3.147,3.147,0
2025/07/27 01:00,3.212,3.212,0
2025/07/27 02:00,3.2,3.2,0
2025/07/27 03:00,3.2,3.2,0
2025/07/27 04:00,3.265,3.265,0
2025/07/27 05:00,3.253,3.253,0
2025/07/27 06:00,3.129,3.129,0
2025/07/27 07:00,3.1,3.1,0
2025/07/27 08:00,3.247,3.247,0
2025/07/27 09:00,3.206,3.206,0
2025/07/27 10:00,3.188,3.188,0
2025/07/27 11:00,3.2,3.2,0
2025/07/27 13:00,3.18,3.18,0
2025/07/27 14:00,3.162,3.162,0
2025/07/27 15:00,3.223,3.223,0
2025/07/27 16:00,3.2,3.2,0
2025/07/27 17:00,3.14,3.14,0
2025/07/27 18:00,3.2,3.2,0
2025/07/27 19:00,3.15,3.15,0
2025/07/27 20:00,3.2,3.2,0
2025/07/27 21:00,3.233,3.233,0
2025/07/27 22:00,3.239,3.239,0
2025/07/27 23:00,5.5,5.5,0
2025/07/28 00:00,5.369,5.369,0
2025/07/28 01:00,5.507,5.507,0
2025/07/28 02:00,5.688,5.688,0
2025/07/28 03:00,5.556,5.556,0
2025/07/28 04:00,5.6,5.6,0
2025/07/28 05:00,5.864,5.864,0
2025/07/28 06:00,5.8,5.8,0
2025/07/28 07:00,6.313,6.313,0
2025/07/28 08:00,6.944,6.944,0
2025/07/28 09:00,6.762,6.762,0
2025/07/28 10:00,6.36,6.36,0
2025/07/28 11:00,6.55,6.55,0
2025/07/28 12:00,6.394,6.394,0
2025/07/28 13:00,6.4,6.4,0
2025/07/28 14:00,6.653,6.653,0
2025/07/28 15:00,7.019,7.019,0
2025/07/28 16:00,6.394,6.394,0
2025/07/28 17:00,6.5,6.5,0
2025/07/28 18:00,6.5,6.5,0
2025/07/28 19:00,7.053,7.053,0
2025/07/28 20:00,8.15,8.15,0
2025/07/28 21:00,8.2,8.2,0
2025/07/28 22:00,7.945,7.945,0
2025/07/28 23:00,7.9,7.9,0
2025/07/29 00:00,8.0,8.0,0
2025/07/29 01:00,8.069,8.069,0
2025/07/29 02:00,7.625,7.625,0
2025/07/29 03:00,7.273,7.273,0
2025/07/29 04:00,7.231,7.231,0
2025/07/29 05:00,7.1,7.1,0
2025/07/29 06:00,7.227,7.227,0
2025/07/29 07:00,6.8,6.8,0
2025/07/29 08:00,6.953,6.953,0
2025/07/29 09:00,6.631,6.631,0
2025/07/29 10:00,6.681,6.681,0
2025/07/29 11:00,6.725,6.725,0
2025/07/29 12:00,6.913,6.913,0
2025/07/29 13:00,6.7,6.7,0
2025/07/29 14:00,6.9,6.9,0
2025/07/29 15:00,6.735,6.735,0
2025/07/29 16:00,6.7,6.7,0
2025/07/29 17:00,6.66,6.66,0
2025/07/29 18:00,6.8,6.8,0
2025/07/29 19:00,6.8,6.8,0
2025/07/29 20:00,6.993,6.993,0
2025/07/29 21:00,6.994,6.994,0
2025/07/29 22:00,7.0,7.0,0
2025/07/29 23:00,6.687,6.687,0
2025/07/30 00:00,6.487,6.487,0
2025/07/30 01:00,6.462,6.462,0
2025/07/30 02:00,6.4,6.4,0
2025/07/30 03:00,6.327,6.327,0
2025/07/30 04:00,6.206,6.206,0
2025/07/30 05:00,6.15,6.15,0
2025/07/30 06:00,5.762,5.762,0
2025/07/30 07:00,5.8,5.8,0
2025/07/30 08:00,5.673,5.673,0
2025/07/30 09:00,5.7,5.7,0
2025/07/30 10:00,5.653,5.653,0
2025/07/30 11:00,5.8,5.8,0
2025/07/30 12:00,5.753,5.753,0
2025/07/30 14:00,5.647,5.647,0
2025/07/30 15:00,5.576,5.576,0
2025/07/30 16:00,5.795,5.795,0
2025/07/30 17:00,5.8,5.8,0
2025/07/30 18:00,6.008,6.008,0
2025/07/30 19:00,6.0,6.0,0
2025/07/30 20:00,6.281,6.281,0
2025/07/30 21:00,7.719,7.719,0
2025/07/30 22:00,10.212,10.212,0
2025/07/30 23:00,10.387,10.387,0
2025/07/31 00:00,10.4,10.4,0
2025/07/31 01:00,10.7,10.7,0
2025/07/31 02:00,10.7,10.7,0
2025/07/31 03:00,11.253,11.253,0
2025/07/31 04:00,13.5,13.5,0
2025/07/31 05:00,13.931,13.931,0
2025/07/31 06:00,13.9,13.9,0
2025/07/31 07:00,13.9,13.9,0
2025/07/31 08:00,15.595,15.595,0
2025/07/31 09:00,14.82,14.82,0
2025/07/31 10:00,14.8,14.8,0
2025/07/31 11:00,14.8,14.8,0
2025/07/31 12:00,14.075,14.075,0
2025/07/31 13:00,14.167,14.167,0
2025/07/31 14:00,14.2,14.2,0
2025/07/31 15:00,14.2,14.2,0
2025/07/31 16:00,14.2,14.2,0
2025/07/31 17:00,13.48,13.48,0
2025/07/31 18:00,13.5,13.5,0
2025/07/31 19:00,13.12,13.12,0
2025/07/31 20:00,12.767,12.767,0
2025/07/31 21:00,12.738,12.738,0
2025/07/31 22:00,12.82,12.82,0
2025/07/31 23:00,12.8,12.8,0
2025/08/01 00:00,13.131,13.131,0
2025/08/01 01:00,13.106,13.106,0
2025/08/01 02:00,13.1,13.1,0
2025/08/01 03:00,12.86,12.86,0
2025/08/01 04:00,12.8,12.8,0
2025/08/01 05:00,12.61,12.61,0
2025/08/01 06:00,12.78,12.78,0
2025/08/01 07:00,12.8,12.8,0
2025/08/01 08:00,12.773,12.773,0
2025/08/01 09:00,12.607,12.607,0
2025/08/01 10:00,12.223,12.223,0
2025/08/01 11:00,12.2,12.2,0
2025/08/01 12:00,12.533,12.533,0
2025/08/01 13:00,12.393,12.393,0
2025/08/01 14:00,12.425,12.425,0
2025/08/01 15:00,12.506,12.506,0
2025/08/01 17:00,12.919,12.919,0
2025/08/01 18:00,13.08,13.08,0
2025/08/01 19:00,13.106,13.106,0
2025/08/01 20:00,13.1,13.1,0
2025/08/01 21:00,13.09,13.09,0
2025/08/01 22:00,13.1,13.1,0
2025/08/01 23:00,13.1,13.1,0
2025/08/02 00:00,12.54,12.54,0
2025/08/02 01:00,12.4,12.4,0
2025/08/02 02:00,12.375,12.375,0
2025/08/02 04:00,12.6,12.6,0
2025/08/02 05:00,12.681,12.681,0
2025/08/02 06:00,12.238,12.238,0
2025/08/02 07:00,11.956,11.956,0
2025/08/02 08:00,12.113,12.113,0
2025/08/02 09:00,11.819,11.819,0
2025/08/02 10:00,12.438,12.438,0
2025/08/02 11:00,12.5,12.5,0
2025/08/02 12:00,12.481,12.481,0
2025/08/02 13:00,12.5,12.5,0
2025/08/02 14:00,12.287,12.287,0
2025/08/02 15:00,12.106,12.106,0
2025/08/02 16:00,12.0,12.0,0
2025/08/02 17:00,12.0,12.0,0
2025/08/02 18:00,11.6,11.6,0
2025/08/02 19:00,11.8,11.8,0
2025/08/02 20:00,11.269,11.269,0
2025/08/02 21:00,11.3,11.3,0
2025/08/02 22:00,11.48,11.48,0
2025/08/02 23:00,10.9,10.9,0
2025/08/03 00:00,11.041,11.041,0
2025/08/03 01:00,10.78,10.78,0
2025/08/03 02:00,10.718,10.718,0
2025/08/03 03:00,10.544,10.544,0
2025/08/03 04:00,10.481,10.481,0
2025/08/03 05:00,10.009,10.009,0
2025/08/03 06:00,10.1,10.1,0
2025/08/03 07:00,10.375,10.375,0
2025/08/03 08:00,9.862,9.862,0
2025/08/03 09:00,10.08,10.08,0
2025/08/03 10:00,10.094,10.094,0
2025/08/03 11:00,9.775,9.775,0
2025/08/03 12:00,9.825,9.825,0
2025/08/03 13:00,10.088,10.088,0
2025/08/03 14:00,10.275,10.275,0
2025/08/03 15:00,10.2,10.2,0
2025/08/03 16:00,10.2,10.2,0
2025/08/03 17:00,10.2,10.2,0
2025/08/03 18:00,10.2,10.2,0
2025/08/03 19:00,8.445,8.445,0
2025/08/03 20:00,8.5,8.5,0
2025/08/03 21:00,8.35,8.35,0
2025/08/03 23:00,7.933,7.933,0
2025/08/04 00:00,9.375,9.375,0
2025/08/04 01:00,9.076,9.076,0
2025/08/04 02:00,9.156,9.156,0
2025/08/04 03:00,8.825,8.825,0
2025/08/04 04:00,8.388,8.388,0
2025/08/04 05:00,8.769,8.769,0
2025/08/04 06:00,8.167,8.167,0
2025/08/04 07:00,8.16,8.16,0
2025/08/04 08:00,8.2,8.2,0
2025/08/04 09:00,8.375,8.375,0
2025/08/04 10:00,7.995,7.995,0
2025/08/04 11:00,7.725,7.725,0
2025/08/04 12:00,8.173,8.173,0
2025/08/04 13:00,8.7,8.7,0
2025/08/04 14:00,8.7,8.7,0
2025/08/04 15:00,8.94,8.94,0
2025/08/04 16:00,8.5,8.5,0
2025/08/04 17:00,7.919,7.919,0
2025/08/04 18:00,7.388,7.388,0
2025/08/04 19:00,7.4,7.4,0
2025/08/04 20:00,7.18,7.18,0
2025/08/04 21:00,7.2,7.2,0
2025/08/04 22:00,7.207,7.207,0
2025/08/04 23:00,7.407,7.407,0
2025/08/05 00:00,7.312,7.312,0
2025/08/05 01:00,7.093,7.093,0
2025/08/05 02:00,7.238,7.238,0
2025/08/05 03:00,7.2,7.2,0
2025/08/05 04:00,6.773,6.773,0
2025/08/05 05:00,6.569,6.569,0
2025/08/05 06:00,6.293,6.293,0
2025/08/05 07:00,6.44,6.44,0
2025/08/05 08:00,5.76,5.76,0
2025/08/05 09:00,6.013,6.013,0
2025/08/05 10:00,5.913,5.913,0
2025/08/05 11:00,5.873,5.873,0
2025/08/05 12:00,5.8,5.8,0
2025/08/05 13:00,5.847,5.847,0
2025/08/05 14:00,6.093,6.093,0
2025/08/05 15:00,6.067,6.067,0
2025/08/05 16:00,6.1,6.1,0
2025/08/05 17:00,5.888,5.888,0
2025/08/05 18:00,5.812,5.812,0
2025/08/05 19:00,5.762,5.762,0
2025/08/05 20:00,5.8,5.8,0
2025/08/05 22:00,5.9,5.9,0
2025/08/05 23:00,5.893,5.893,0
2025/08/06 00:00,5.676,5.676,0
2025/08/06 01:00,5.607,5.607,0
2025/08/06 02:00,5.594,5.594,0
2025/08/06 03:00,5.712,5.712,0
2025/08/06 04:00,5.471,5.471,0
2025/08/06 05:00,5.513,5.513,0
2025/08/06 06:00,5.167,5.167,0
2025/08/06 07:00,5.267,5.267,0
2025/08/06 08:00,5.112,5.112,0
2025/08/06 09:00,4.969,4.969,0
2025/08/06 10:00,4.967,4.967,0
2025/08/06 11:00,4.844,4.844,0
2025/08/06 12:00,4.981,4.981,0
2025/08/06 13:00,5.0,5.0,0
2025/08/06 14:00,5.262,5.262,0
2025/08/06 15:00,5.486,5.486,0
2025/08/06 16:00,5.5,5.5,0
2025/08/06 17:00,4.75,4.75,0
2025/08/06 18:00,4.7,4.7,0
2025/08/06 19:00,4.7,4.7,0
2025/08/06 20:00,4.7,4.7,0
2025/08/06 21:00,4.7,4.7,0
2025/08/06 22:00,4.0,4.0,0
2025/08/06 23:00,3.881,3.881,0
2025/08/07 00:00,3.841,3.841,0
2025/08/07 01:00,31.388,4.217,1
2025/08/07 02:00,31.35,4.217,1
2025/08/07 03:00,31.312,4.217,1
2025/08/07 04:00,31.344,4.217,1
2025/08/07 05:00,5.631,5.631,0
2025/08/07 06:00,5.7,5.7,0
2025/08/07 07:00,6.169,6.169,0
2025/08/07 08:00,6.54,6.54,0
2025/08/07 09:00,6.756,6.756,0
2025/08/07 10:00,6.962,6.962,0
2025/08/07 11:00,6.975,6.975,0
2025/08/07 12:00,7.175,7.175,0
2025/08/07 13:00,6.607,6.607,0
2025/08/07 14:00,6.925,6.925,0
2025/08/07 15:00,7.0,7.0,0
2025/08/07 16:00,7.027,7.027,0
2025/08/07 17:00,6.887,6.887,0
2025/08/07 18:00,6.9,6.9,0
2025/08/07 19:00,7.0,7.0,0
2025/08/07 20:00,7.0,7.0,0
2025/08/07 21:00,7.0,7.0,0
2025/08/07 22:00,7.053,7.053,0
2025/08/07 23:00,6.293,6.293,0
2025/08/08 00:00,5.992,5.992,0
2025/08/08 01:00,6.0,6.0,0
2025/08/08 02:00,6.293,6.293,0
2025/08/08 03:00,5.969,5.969,0
2025/08/08 04:00,6.113,6.113,0
2025/08/08 05:00,5.813,5.813,0
2025/08/08 06:00,5.867,5.867,0
2025/08/08 07:00,5.653,5.653,0
2025/08/08 08:00,5.6,5.6,0
2025/08/08 09:00,5.638,5.638,0
2025/08/08 10:00,5.582,5.582,0
2025/08/08 11:00,5.6,5.6,0
2025/08/08 12:00,5.512,5.512,0
2025/08/08 13:00,5.55,5.55,0
2025/08/08 14:00,5.675,5.675,0
2025/08/08 15:00,5.593,5.593,0
2025/08/08 16:00,5.656,5.656,0
2025/08/08 17:00,5.6,5.6,0
2025/08/08 18:00,5.44,5.44,0
2025/08/08 19:00,5.425,5.425,0
2025/08/08 20:00,5.5,5.5,0
2025/08/08 21:00,5.5,5.5,0
2025/08/08 22:00,5.5,5.5,0
2025/08/08 23:00,5.312,5.312,0
2025/08/09 00:00,5.273,5.273,0
2025/08/09 01:00,5.031,5.031,0
2025/08/09 02:00,4.973,4.973,0
2025/08/09 03:00,4.962,4.962,0
2025/08/09 04:00,4.96,4.96,0
2025/08/09 05:00,4.812,4.812,0
2025/08/09 07:00,3.831,3.831,0
2025/08/09 08:00,4.319,4.319,0
2025/08/09 09:00,4.927,4.927,0
2025/08/09 10:00,5.044,5.044,0
2025/08/09 11:00,5.08,5.08,0
2025/08/09 12:00,4.962,4.962,0
2025/08/09 13:00,5.024,5.024,0
2025/08/09 14:00,4.887,4.887,0
2025/08/09 16:00,4.556,4.556,0
2025/08/09 17:00,3.987,3.987,0
2025/08/09 18:00,3.824,3.824,0
2025/08/09 19:00,3.8,3.8,0
2025/08/09 20:00,3.89,3.89,0
2025/08/09 21:00,3.9,3.9,0
2025/08/09 23:00,31.3,3.894,1
2025/08/10 00:00,31.38,3.894,1
2025/08/10 01:00,31.235,3.894,1
2025/08/10 02:00,31.32,3.894,1
2025/08/10 03:00,31.3,3.894,1
2025/08/10 04:00,31.338,3.894,1
2025/08/10 05:00,31.244,3.894,1
2025/08/10 06:00,31.38,3.894,1
2025/08/10 08:00,31.325,3.894,1
2025/08/10 09:00,31.329,3.894,1
2025/08/10 10:00,31.294,3.894,1
2025/08/10 11:00,31.247,3.894,1
2025/08/10 12:00,31.2,3.894,1
2025/08/10 13:00,31.333,3.894,1
2025/08/10 14:00,3.725,3.725,0
2025/08/10 15:00,3.8,3.8,0
2025/08/10 16:00,3.773,3.773,0
2025/08/10 17:00,3.7,3.7,0
2025/08/10 18:00,3.662,3.662,0
2025/08/10 19:00,3.7,3.7,0
2025/08/10 20:00,3.695,3.695,0
2025/08/10 21:00,3.7,3.7,0
2025/08/10 22:00,3.66,3.66,0
2025/08/10 23:00,3.7,3.7,0
2025/08/11 00:00,31.712,3.713,1
2025/08/11 01:00,31.313,3.713,1
2025/08/11 02:00,31.394,3.713,1
2025/08/11 03:00,31.26,3.713,1
2025/08/11 04:00,31.295,3.713,1
2025/08/11 05:00,31.3,3.713,1
2025/08/11 06:00,31.193,3.713,1
2025/08/11 07:00,3.581,3.581,0
2025/08/11 08:00,3.5,3.5,0
2025/08/11 09:00,31.213,3.538,1
2025/08/11 10:00,31.3,3.538,1
2025/08/11 11:00,31.218,3.538,1
2025/08/11 12:00,31.2,3.538,1
2025/08/11 13:00,31.212,3.538,1
2025/08/11 14:00,31.314,3.538,1
2025/08/11 15:00,31.367,3.538,1
2025/08/11 16:00,31.4,3.538,1
2025/08/11 17:00,31.467,3.538,1
2025/08/11 18:00,31.56,3.538,1
2025/08/11 19:00,31.6,3.538,1
2025/08/11 20:00,31.644,3.538,1
2025/08/11 21:00,31.633,3.538,1
2025/08/11 22:00,31.738,3.538,1
2025/08/11 23:00,31.7,3.538,1
2025/08/12 00:00,31.7,3.538,1
2025/08/12 01:00,31.7,3.538,1
2025/08/12 02:00,31.667,3.538,1
2025/08/12 03:00,31.612,3.538,1
2025/08/12 04:00,31.36,3.538,1
2025/08/12 05:00,31.329,3.538,1
2025/08/12 06:00,31.4,3.538,1
2025/08/12 07:00,31.4,3.538,1
2025/08/12 08:00,31.3,3.538,1
2025/08/12 09:00,31.35,3.538,1
2025/08/12 10:00,31.34,3.538,1
2025/08/12 11:00,31.262,3.538,1
2025/08/12 12:00,31.167,3.538,1
2025/08/12 13:00,31.267,3.538,1
2025/08/12 14:00,31.3,3.538,1
2025/08/12 15:00,31.267,3.538,1
2025/08/12 16:00,31.3,3.538,1
2025/08/12 17:00,31.295,3.538,1
2025/08/12 18:00,31.3,3.538,1
2025/08/12 19:00,31.3,3.538,1
2025/08/12 20:00,31.3,3.538,1
2025/08/12 21:00,31.369,3.538,1
2025/08/12 22:00,4.84,4.84,0
2025/08/13 00:00,5.644,5.644,0
2025/08/13 01:00,5.962,5.962,0
2025/08/13 02:00,6.288,6.288,0
2025/08/13 03:00,6.567,6.567,0
2025/08/13 04:00,7.129,7.129,0
2025/08/13 05:00,8.273,8.273,0
2025/08/13 06:00,9.653,9.653,0
2025/08/13 07:00,9.756,9.756,0
2025/08/13 08:00,10.073,10.073,0
2025/08/13 09:00,10.1,10.1,0
2025/08/13 10:00,10.027,10.027,0
2025/08/13 11:00,10.269,10.269,0
2025/08/13 12:00,10.88,10.88,0
2025/08/13 13:00,10.9,10.9,0
2025/08/13 15:00,10.247,10.247,0
2025/08/13 16:00,9.888,9.888,0
2025/08/13 17:00,9.553,9.553,0
2025/08/13 18:00,9.343,9.343,0
2025/08/13 19:00,9.4,9.4,0
2025/08/13 20:00,9.18,9.18,0
2025/08/13 21:00,9.235,9.235,0
2025/08/13 22:00,9.2,9.2,0
2025/08/13 23:00,9.307,9.307,0
2025/08/14 00:00,9.169,9.169,0
2025/08/14 01:00,9.965,9.965,0
2025/08/14 02:00,9.931,9.931,0
2025/08/14 03:00,10.106,10.106,0
2025/08/14 04:00,9.656,9.656,0
2025/08/14 05:00,9.694,9.694,0
2025/08/14 06:00,9.675,9.675,0
2025/08/14 07:00,9.614,9.614,0
2025/08/14 08:00,8.962,8.962,0
2025/08/14 09:00,9.26,9.26,0
2025/08/14 10:00,8.619,8.619,0
2025/08/14 11:00,8.98,8.98,0
2025/08/14 12:00,9.381,9.381,0
2025/08/14 13:00,9.4,9.4,0
2025/08/14 14:00,8.531,8.531,0
2025/08/14 15:00,7.619,7.619,0
2025/08/14 16:00,7.524,7.524,0
2025/08/14 17:00,7.273,7.273,0
2025/08/14 18:00,7.3,7.3,0
2025/08/14 19:00,7.375,7.375,0
2025/08/14 20:00,7.324,7.324,0
2025/08/14 21:00,7.48,7.48,0
2025/08/14 22:00,7.5,7.5,0
2025/08/14 23:00,7.4,7.4,0
2025/08/15 00:00,7.506,7.506,0
2025/08/15 01:00,8.4,8.4,0
2025/08/15 02:00,8.388,8.388,0
2025/08/15 03:00,7.747,7.747,0
2025/08/15 04:00,8.119,8.119,0
2025/08/15 05:00,7.613,7.613,0
2025/08/15 06:00,7.756,7.756,0
2025/08/15 07:00,7.42,7.42,0
2025/08/15 08:00,7.493,7.493,0
2025/08/15 09:00,7.5,7.5,0
2025/08/15 10:00,7.187,7.187,0
2025/08/15 11:00,7.181,7.181,0
2025/08/15 12:00,7.8,7.8,0
2025/08/15 13:00,7.8,7.8,0
2025/08/15 14:00,7.195,7.195,0
2025/08/15 15:00,6.95,6.95,0
2025/08/15 16:00,6.744,6.744,0
2025/08/15 18:00,6.759,6.759,0
2025/08/15 19:00,6.8,6.8,0
2025/08/15 20:00,6.8,6.8,0
2025/08/15 21:00,6.731,6.731,0
2025/08/15 22:00,6.727,6.727,0
2025/08/16 00:00,6.771,6.771,0
2025/08/16 01:00,6.906,6.906,0
2025/08/16 02:00,6.124,6.124,0
2025/08/16 03:00,6.173,6.173,0
2025/08/16 04:00,5.924,5.924,0
2025/08/16 05:00,6.029,6.029,0
2025/08/16 06:00,5.775,5.775,0
2025/08/16 07:00,5.767,5.767,0
2025/08/16 08:00,5.612,5.612,0
2025/08/16 10:00,5.606,5.606,0
2025/08/16 11:00,5.587,5.587,0
2025/08/16 12:00,5.6,5.6,0
2025/08/16 13:00,5.6,5.6,0
2025/08/16 14:00,5.794,5.794,0
2025/08/16 15:00,5.7,5.7,0
2025/08/16 16:00,5.7,5.7,0
2025/08/16 17:00,5.7,5.7,0
2025/08/16 18:00,5.7,5.7,0
2025/08/16 19:00,5.7,5.7,0
2025/08/16 20:00,5.375,5.375,0
2025/08/16 21:00,5.447,5.447,0
2025/08/16 22:00,5.4,5.4,0
2025/08/16 23:00,5.4,5.4,0
2025/08/17 00:00,5.6,5.6,0
2025/08/17 01:00,5.253,5.253,0
2025/08/17 02:00,5.12,5.12,0
2025/08/17 03:00,5.259,5.259,0
2025/08/17 04:00,5.093,5.093,0
2025/08/17 05:00,4.6,4.6,0
2025/08/17 06:00,4.712,4.712,0
2025/08/17 07:00,4.364,4.364,0
2025/08/17 08:00,4.4,4.4,0
2025/08/17 09:00,31.388,4.543,1
2025/08/17 10:00,31.28,4.543,1
2025/08/17 11:00,31.313,4.543,1
2025/08/17 12:00,31.362,4.543,1
2025/08/17 13:00,31.362,4.543,1
2025/08/17 14:00,31.471,4.543,1
2025/08/17 15:00,31.5,4.543,1
2025/08/17 16:00,31.481,4.543,1
2025/08/17 17:00,31.606,4.543,1
2025/08/17 18:00,31.712,4.543,1
2025/08/17 19:00,31.553,4.543,1
2025/08/17 20:00,31.5,4.543,1
2025/08/17 21:00,31.6,4.543,1
2025/08/17 22:00,6.473,6.473,0
2025/08/17 23:00,8.8,8.8,0
2025/08/18 00:00,8.462,8.462,0
2025/08/18 01:00,9.129,9.129,0
2025/08/18 02:00,9.575,9.575,0
2025/08/18 03:00,9.675,9.675,0
2025/08/18 05:00,10.36,10.36,0
2025/08/18 06:00,10.731,10.731,0
2025/08/18 07:00,11.6,11.6,0
2025/08/18 08:00,12.15,12.15,0
2025/08/18 09:00,12.007,12.007,0
2025/08/18 10:00,11.731,11.731,0
2025/08/18 11:00,11.906,11.906,0
2025/08/18 12:00,11.594,11.594,0
2025/08/18 13:00,11.025,11.025,0
2025/08/18 15:00,10.667,10.667,0
2025/08/18 16:00,10.443,10.443,0
2025/08/18 17:00,10.444,10.444,0
2025/08/18 18:00,10.447,10.447,0
2025/08/18 19:00,10.629,10.629,0
2025/08/18 20:00,10.6,10.6,0
2025/08/18 21:00,10.66,10.66,0
2025/08/18 22:00,10.5,10.5,0
2025/08/18 23:00,10.612,10.612,0
2025/08/19 00:00,10.5,10.5,0
2025/08/19 01:00,10.353,10.353,0
2025/08/19 02:00,11.286,11.286,0
2025/08/19 03:00,11.3,11.3,0
2025/08/19 04:00,10.829,10.829,0
2025/08/19 05:00,11.013,11.013,0
2025/08/19 06:00,10.293,10.293,0
2025/08/19 07:00,10.856,10.856,0
2025/08/19 08:00,10.817,10.817,0
2025/08/19 09:00,10.306,10.306,0
2025/08/19 10:00,10.383,10.383,0
2025/08/19 11:00,10.738,10.738,0
2025/08/19 12:00,10.4,10.4,0
2025/08/19 13:00,9.96,9.96,0
2025/08/19 14:00,10.0,10.0,0
2025/08/19 15:00,9.369,9.369,0
2025/08/19 16:00,9.094,9.094,0
2025/08/19 17:00,9.0,9.0,0
2025/08/19 18:00,8.981,8.981,0
2025/08/19 19:00,9.067,9.067,0
2025/08/19 20:00,9.218,9.218,0
2025/08/19 21:00,9.208,9.208,0
2025/08/19 22:00,9.3,9.3,0
2025/08/19 23:00,9.117,9.117,0
2025/08/20 00:00,9.1,9.1,0
2025/08/20 01:00,8.737,8.737,0
2025/08/20 02:00,9.976,9.976,0
2025/08/20 03:00,9.794,9.794,0
2025/08/20 04:00,9.924,9.924,0
2025/08/20 05:00,9.513,9.513,0
2025/08/20 06:00,9.544,9.544,0
2025/08/20 07:00,9.273,9.273,0
2025/08/20 08:00,8.975,8.975,0
2025/08/20 09:00,9.225,9.225,0
2025/08/20 10:00,9.367,9.367,0
2025/08/20 11:00,9.4,9.4,0
2025/08/20 12:00,9.427,9.427,0
2025/08/20 13:00,9.1,9.1,0
2025/08/20 14:00,9.1,9.1,0
2025/08/20 15:00,9.1,9.1,0
2025/08/20 16:00,7.74,7.74,0
2025/08/20 17:00,7.781,7.781,0
2025/08/20 18:00,7.81,7.81,0
2025/08/20 19:00,7.8,7.8,0
2025/08/20 20:00,7.747,7.747,0
2025/08/20 21:00,7.694,7.694,0
2025/08/20 22:00,7.7,7.7,0
2025/08/20 23:00,7.687,7.687,0
2025/08/21 00:00,7.75,7.75,0
2025/08/21 01:00,7.224,7.224,0
2025/08/21 02:00,8.494,8.494,0
2025/08/21 03:00,8.488,8.488,0
2025/08/21 05:00,8.194,8.194,0
2025/08/21 06:00,7.838,7.838,0
2025/08/21 07:00,7.78,7.78,0
2025/08/21 08:00,7.969,7.969,0
2025/08/21 09:00,8.24,8.24,0
2025/08/21 10:00,8.225,8.225,0
2025/08/21 11:00,9.188,9.188,0
2025/08/21 12:00,8.36,8.36,0
2025/08/21 13:00,7.906,7.906,0
2025/08/21 14:00,7.9,7.9,0
2025/08/21 15:00,7.873,7.873,0
2025/08/21 16:00,7.958,7.958,0
2025/08/21 17:00,7.9,7.9,0
2025/08/21 18:00,7.955,7.955,0
2025/08/21 19:00,7.713,7.713,0
2025/08/21 20:00,7.7,7.7,0
2025/08/21 21:00,7.56,7.56,0
2025/08/21 22:00,7.44,7.44,0
2025/08/21 23:00,7.4,7.4,0
2025/08/22 00:00,7.688,7.688,0
2025/08/22 01:00,7.7,7.7,0
2025/08/22 02:00,9.793,9.793,0
2025/08/22 03:00,10.738,10.738,0
2025/08/22 04:00,11.2,11.2,0
2025/08/22 05:00,11.862,11.862,0
2025/08/22 06:00,12.393,12.393,0
2025/08/22 07:00,12.8,12.8,0
2025/08/22 08:00,12.694,12.694,0
2025/08/22 09:00,12.812,12.812,0
2025/08/22 10:00,12.8,12.8,0
2025/08/22 11:00,12.013,12.013,0
2025/08/22 12:00,11.407,11.407,0
2025/08/22 13:00,11.4,11.4,0
2025/08/22 14:00,11.34,11.34,0
2025/08/22 15:00,11.4,11.4,0
2025/08/22 16:00,11.4,11.4,0
2025/08/22 17:00,11.1,11.1,0
2025/08/22 18:00,11.025,11.025,0
2025/08/22 19:00,10.955,10.955,0
2025/08/22 20:00,11.027,11.027,0
2025/08/22 21:00,10.913,10.913,0
2025/08/22 22:00,11.243,11.243,0
2025/08/22 23:00,11.3,11.3,0
2025/08/23 00:00,11.807,11.807,0
2025/08/23 01:00,12.341,12.341,0
2025/08/23 02:00,13.006,13.006,0
2025/08/23 03:00,13.469,13.469,0
2025/08/23 04:00,13.94,13.94,0
2025/08/23 05:00,13.6,13.6,0
2025/08/23 06:00,13.281,13.281,0
2025/08/23 07:00,12.875,12.875,0
2025/08/23 08:00,12.657,12.657,0
2025/08/23 09:00,12.6,12.6,0
2025/08/23 10:00,12.662,12.662,0
2025/08/23 11:00,12.5,12.5,0
2025/08/23 12:00,11.771,11.771,0
2025/08/23 13:00,11.8,11.8,0
2025/08/23 14:00,10.58,10.58,0
2025/08/23 15:00,10.38,10.38,0
2025/08/23 16:00,10.4,10.4,0
2025/08/23 17:00,10.4,10.4,0
2025/08/23 18:00,10.4,10.4,0
2025/08/23 19:00,10.353,10.353,0
2025/08/23 20:00,10.087,10.087,0
2025/08/23 21:00,10.125,10.125,0
2025/08/23 22:00,9.706,9.706,0
2025/08/24 00:00,9.75,9.75,0
2025/08/24 01:00,9.473,9.473,0
2025/08/24 02:00,9.224,9.224,0
2025/08/24 03:00,10.627,10.627,0
2025/08/24 04:00,10.053,10.053,0
2025/08/24 05:00,9.7,9.7,0
2025/08/24 06:00,9.769,9.769,0
2025/08/24 07:00,9.8,9.8,0
2025/08/24 08:00,9.207,9.207,0
2025/08/24 09:00,9.331,9.331,0
2025/08/24 10:00,9.494,9.494,0
2025/08/24 11:00,9.217,9.217,0
2025/08/24 12:00,9.2,9.2,0
2025/08/24 13:00,8.718,8.718,0
2025/08/24 14:00,8.44,8.44,0
2025/08/24 15:00,7.56,7.56,0
2025/08/24 16:00,7.54,7.54,0
2025/08/24 17:00,7.647,7.647,0
2025/08/24 18:00,7.467,7.467,0
2025/08/24 19:00,7.4,7.4,0
2025/08/24 20:00,7.4,7.4,0
2025/08/24 21:00,7.505,7.505,0
2025/08/24 22:00,7.736,7.736,0
2025/08/24 23:00,7.8,7.8,0
2025/08/25 00:00,8.081,8.081,0
2025/08/25 01:00,8.5,8.5,0
2025/08/25 02:00,8.4,8.4,0
2025/08/25 03:00,10.288,10.288,0
2025/08/25 04:00,10.494,10.494,0
2025/08/25 05:00,10.707,10.707,0
2025/08/25 06:00,10.825,10.825,0
2025/08/25 07:00,11.088,11.088,0
2025/08/25 08:00,11.06,11.06,0
2025/08/25 09:00,10.8,10.8,0
2025/08/25 10:00,10.8,10.8,0
2025/08/25 11:00,10.756,10.756,0
2025/08/25 12:00,11.1,11.1,0
2025/08/25 13:00,10.381,10.381,0
2025/08/25 14:00,10.212,10.212,0
2025/08/25 15:00,10.147,10.147,0
2025/08/25 16:00,10.2,10.2,0
2025/08/25 17:00,9.787,9.787,0
2025/08/25 18:00,9.575,9.575,0
2025/08/25 19:00,9.594,9.594,0
2025/08/25 20:00,9.333,9.333,0
2025/08/25 21:00,9.3,9.3,0
2025/08/25 22:00,9.0,9.0,0
2025/08/25 23:00,9.0,9.0,0
2025/08/26 00:00,8.66,8.66,0
2025/08/26 01:00,8.6,8.6,0
2025/08/26 02:00,9.144,9.144,0
2025/08/26 03:00,9.438,9.438,0
2025/08/26 04:00,10.512,10.512,0
2025/08/26 05:00,10.1,10.1,0
2025/08/26 06:00,10.294,10.294,0
2025/08/26 08:00,10.06,10.06,0
2025/08/26 09:00,9.756,9.756,0
2025/08/26 10:00,10.075,10.075,0
2025/08/26 11:00,10.162,10.162,0
2025/08/26 12:00,9.531,9.531,0
2025/08/26 13:00,8.538,8.538,0
2025/08/26 14:00,8.088,8.088,0
2025/08/26 15:00,8.121,8.121,0
2025/08/26 16:00,8.1,8.1,0
2025/08/26 17:00,8.369,8.369,0
2025/08/26 18:00,8.227,8.227,0
2025/08/26 19:00,8.105,8.105,0
2025/08/26 20:00,8.1,8.1,0
2025/08/26 21:00,7.975,7.975,0
2025/08/26 22:00,8.08,8.08,0
2025/08/26 23:00,7.975,7.975,0
2025/08/27 00:00,8.125,8.125,0
2025/08/27 01:00,8.5,8.5,0
2025/08/27 02:00,8.36,8.36,0
2025/08/27 03:00,10.094,10.094,0
2025/08/27 04:00,10.3,10.3,0
2025/08/27 05:00,10.91,10.91,0
2025/08/27 06:00,10.9,10.9,0
2025/08/27 07:00,11.12,11.12,0
2025/08/27 08:00,11.075,11.075,0
2025/08/27 09:00,11.128,11.128,0
2025/08/27 10:00,10.919,10.919,0
2025/08/27 11:00,10.769,10.769,0
2025/08/27 12:00,10.944,10.944,0
2025/08/27 13:00,10.9,10.9,0
2025/08/27 14:00,10.269,10.269,0
2025/08/27 15:00,9.662,9.662,0
2025/08/27 17:00,9.418,9.418,0
2025/08/27 18:00,9.4,9.4,0
2025/08/27 19:00,9.407,9.407,0
2025/08/27 20:00,9.5,9.5,0
2025/08/27 21:00,9.5,9.5,0
2025/08/27 22:00,9.133,9.133,0
2025/08/27 23:00,9.212,9.212,0
2025/08/28 00:00,9.529,9.529,0
2025/08/28 01:00,9.747,9.747,0
2025/08/28 02:00,9.7,9.7,0
2025/08/28 03:00,11.0,11.0,0
2025/08/28 04:00,11.507,11.507,0
2025/08/28 05:00,11.676,11.676,0
2025/08/28 06:00,11.619,11.619,0
2025/08/28 07:00,11.9,11.9,0
2025/08/28 08:00,11.6,11.6,0
2025/08/28 09:00,11.6,11.6,0
2025/08/28 10:00,11.6,11.6,0
2025/08/28 11:00,11.827,11.827,0
2025/08/28 12:00,11.6,11.6,0
2025/08/28 13:00,11.062,11.062,0
2025/08/28 14:00,10.619,10.619,0
2025/08/28 15:00,10.6,10.6,0
2025/08/28 16:00,10.333,10.333,0
2025/08/28 17:00,10.4,10.4,0
2025/08/28 18:00,9.895,9.895,0
2025/08/28 19:00,9.9,9.9,0
2025/08/28 20:00,10.012,10.012,0
2025/08/28 21:00,10.075,10.075,0
2025/08/28 22:00,10.1,10.1,0
2025/08/28 23:00,10.094,10.094,0
2025/08/29 00:00,10.831,10.831,0
2025/08/29 01:00,11.4,11.4,0
2025/08/29 02:00,11.9,11.9,0
2025/08/29 03:00,12.693,12.693,0
2025/08/29 04:00,13.892,13.892,0
2025/08/29 05:00,13.9,13.9,0
2025/08/29 06:00,13.969,13.969,0
2025/08/29 07:00,14.088,14.088,0
2025/08/29 08:00,14.14,14.14,0
2025/08/29 09:00,14.0,14.0,0
2025/08/29 10:00,13.647,13.647,0
2025/08/29 11:00,12.975,12.975,0
2025/08/29 12:00,13.0,13.0,0
2025/08/29 13:00,12.05,12.05,0
2025/08/29 14:00,11.488,11.488,0
2025/08/29 15:00,11.371,11.371,0
2025/08/29 16:00,11.271,11.271,0
2025/08/29 17:00,11.2,11.2,0
2025/08/29 18:00,11.0,11.0,0
2025/08/29 19:00,11.133,11.133,0
2025/08/29 20:00,10.771,10.771,0
2025/08/29 21:00,10.8,10.8,0
2025/08/29 22:00,10.8,10.8,0
2025/08/29 23:00,10.638,10.638,0
2025/08/30 00:00,10.367,10.367,0
2025/08/30 01:00,10.441,10.441,0
2025/08/30 02:00,10.021,10.021,0
2025/08/30 03:00,10.0,10.0,0
2025/08/30 04:00,9.712,9.712,0
2025/08/30 05:00,10.969,10.969,0
2025/08/30 06:00,10.581,10.581,0
2025/08/30 07:00,10.767,10.767,0
2025/08/30 08:00,10.225,10.225,0
2025/08/30 09:00,10.3,10.3,0
2025/08/30 10:00,10.3,10.3,0
2025/08/30 11:00,10.073,10.073,0
2025/08/30 12:00,10.233,10.233,0
2025/08/30 13:00,9.994,9.994,0
2025/08/30 14:00,10.007,10.007,0
2025/08/30 15:00,10.0,10.0,0
2025/08/30 16:00,10.0,10.0,0
2025/08/30 17:00,10.0,10.0,0
2025/08/30 18:00,9.36,9.36,0
2025/08/30 20:00,9.1,9.1,0
2025/08/30 21:00,9.076,9.076,0
2025/08/30 22:00,9.1,9.1,0
2025/08/30 23:00,8.575,8.575,0
2025/08/31 00:00,8.5,8.5,0
2025/08/31 01:00,8.476,8.476,0
2025/08/31 02:00,8.425,8.425,0
2025/08/31 03:00,8.538,8.538,0
2025/08/31 04:00,8.444,8.444,0
2025/08/31 05:00,8.15,8.15,0
2025/08/31 06:00,8.2,8.2,0
2025/08/31 07:00,8.133,8.133,0
2025/08/31 08:00,7.96,7.96,0
2025/08/31 09:00,8.144,8.144,0
2025/08/31 10:00,7.812,7.812,0
2025/08/31 11:00,7.8,7.8,0
2025/08/31 12:00,7.62,7.62,0
2025/08/31 13:00,7.506,7.506,0
2025/08/31 14:00,7.5,7.5,0
2025/08/31 15:00,7.5,7.5,0
2025/08/31 16:00,7.3,7.3,0
2025/08/31 17:00,7.147,7.147,0
2025/08/31 18:00,7.2,7.2,0
2025/08/31 19:00,7.127,7.127,0
2025/08/31 20:00,7.1,7.1,0
2025/08/31 21:00,6.84,6.84,0
2025/08/31 22:00,6.9,6.9,0
2025/08/31 23:00,6.748,6.748,0
2025/09/01 00:00,6.8,6.8,0
2025/09/01 01:00,6.573,6.573,0
2025/09/01 02:00,6.65,6.65,0
2025/09/01 03:00,6.488,6.488,0
2025/09/01 04:00,6.162,6.162,0
2025/09/01 05:00,7.038,7.038,0
2025/09/01 06:00,7.073,7.073,0
2025/09/01 08:00,7.425,7.425,0
2025/09/01 09:00,7.12,7.12,0
2025/09/01 10:00,7.0,7.0,0
2025/09/01 11:00,7.0,7.0,0
2025/09/01 12:00,7.0,7.0,0
2025/09/01 13:00,7.0,7.0,0
2025/09/01 14:00,7.0,7.0,0
2025/09/01 15:00,6.3,6.3,0
2025/09/01 16:00,6.3,6.3,0
2025/09/01 17:00,6.3,6.3,0
2025/09/01 18:00,5.927,5.927,0
2025/09/01 19:00,5.825,5.825,0
2025/09/01 20:00,6.2,6.2,0
2025/09/01 21:00,7.007,7.007,0
2025/09/01 22:00,7.047,7.047,0
2025/09/01 23:00,7.1,7.1,0
2025/09/02 00:00,7.05,7.05,0
2025/09/02 01:00,6.956,6.956,0
2025/09/02 02:00,6.813,6.813,0
2025/09/02 03:00,6.95,6.95,0
2025/09/02 04:00,6.819,6.819,0
2025/09/02 05:00,7.4,7.4,0
2025/09/02 06:00,7.162,7.162,0
2025/09/02 07:00,7.067,7.067,0
2025/09/02 08:00,7.267,7.267,0
2025/09/02 09:00,6.819,6.819,0
2025/09/02 10:00,6.888,6.888,0
2025/09/02 11:00,6.9,6.9,0
2025/09/02 12:00,6.644,6.644,0
2025/09/02 13:00,6.693,6.693,0
2025/09/02 15:00,6.224,6.224,0
2025/09/02 16:00,6.1,6.1,0
2025/09/02 17:00,6.043,6.043,0
2025/09/02 18:00,6.1,6.1,0
2025/09/02 19:00,6.1,6.1,0
2025/09/02 20:00,6.1,6.1,0
2025/09/02 21:00,5.613,5.613,0
2025/09/02 22:00,5.213,5.213,0
2025/09/02 23:00,4.906,4.906,0
2025/09/03 00:00,4.925,4.925,0
2025/09/03 02:00,4.819,4.819,0
2025/09/03 03:00,4.953,4.953,0
2025/09/03 04:00,4.6,4.6,0
2025/09/03 05:00,31.353,4.557,1
2025/09/03 06:00,31.307,4.557,1
2025/09/03 07:00,31.34,4.557,1
2025/09/03 08:00,31.369,4.557,1
2025/09/03 09:00,31.394,4.557,1
2025/09/03 10:00,31.293,4.557,1
2025/09/03 11:00,31.3,4.557,1
2025/09/03 12:00,31.3,4.557,1
2025/09/03 13:00,31.3,4.557,1
2025/09/03 14:00,31.3,4.557,1
2025/09/03 15:00,31.573,4.557,1
2025/09/03 16:00,31.6,4.557,1
2025/09/03 17:00,31.7,4.557,1
2025/09/03 18:00,31.7,4.557,1
2025/09/03 19:00,31.629,4.557,1
2025/09/03 20:00,31.645,4.557,1
2025/09/03 21:00,31.7,4.557,1
2025/09/03 22:00,31.676,4.557,1
2025/09/03 23:00,31.76,4.557,1
2025/09/04 00:00,31.569,4.557,1
2025/09/04 01:00,3.794,3.794,0
2025/09/04 02:00,3.847,3.847,0
2025/09/04 03:00,3.858,3.858,0
2025/09/04 04:00,3.9,3.9,0
2025/09/04 05:00,12.531,4.0,1
2025/09/04 06:00,31.456,4.008,1
2025/09/04 07:00,31.427,4.008,1
2025/09/04 08:00,31.387,4.008,1
2025/09/04 09:00,31.406,4.008,1
2025/09/04 10:00,31.375,4.008,1
2025/09/04 11:00,31.4,4.008,1
2025/09/04 12:00,31.32,4.008,1
2025/09/04 13:00,31.358,4.008,1
2025/09/04 14:00,31.4,4.008,1
2025/09/04 15:00,31.4,4.008,1
2025/09/04 16:00,31.4,4.008,1
2025/09/04 17:00,11.393,4.076,1
2025/09/04 18:00,4.1,4.1,0
2025/09/04 19:00,4.1,4.1,0
2025/09/04 20:00,4.158,4.158,0
2025/09/04 21:00,4.2,4.2,0
2025/09/04 22:00,4.19,4.19,0
2025/09/04 23:00,4.2,4.2,0
2025/09/05 00:00,4.2,4.2,0
2025/09/05 02:00,31.812,4.181,1
2025/09/05 03:00,31.456,4.181,1
2025/09/05 04:00,31.494,4.181,1
2025/09/05 05:00,31.45,4.181,1
2025/09/05 06:00,31.5,4.181,1
2025/09/05 07:00,31.367,4.181,1
2025/09/05 08:00,31.488,4.181,1
2025/09/05 09:00,31.513,4.181,1
2025/09/05 10:00,31.375,4.181,1
2025/09/05 11:00,31.317,4.181,1
2025/09/05 12:00,31.3,4.181,1
2025/09/05 13:00,31.367,4.181,1
2025/09/05 14:00,31.4,4.181,1
2025/09/05 15:00,31.44,4.181,1
2025/09/05 16:00,31.495,4.181,1
2025/09/05 17:00,31.5,4.181,1
2025/09/05 18:00,31.5,4.181,1
2025/09/05 19:00,31.5,4.181,1
2025/09/05 20:00,31.56,4.181,1
2025/09/05 21:00,31.5,4.181,1
2025/09/05 22:00,31.7,4.181,1
2025/09/05 23:00,31.692,4.181,1
2025/09/06 00:00,31.7,4.181,1
2025/09/06 01:00,31.75,4.181,1
2025/09/06 02:00,31.44,4.181,1
2025/09/06 03:00,31.406,4.181,1
2025/09/06 04:00,31.4,4.181,1
2025/09/06 05:00,31.4,4.181,1
2025/09/06 06:00,31.386,4.181,1
2025/09/06 07:00,31.347,4.181,1
2025/09/06 08:00,31.281,4.181,1
2025/09/06 10:00,31.407,4.181,1
2025/09/06 11:00,31.313,4.181,1
2025/09/06 12:00,31.344,4.181,1
2025/09/06 13:00,31.4,4.181,1
2025/09/06 14:00,31.4,4.181,1
2025/09/06 15:00,24.394,3.5,1
2025/09/06 16:00,31.5,3.5,1
2025/09/06 17:00,31.5,3.5,1
2025/09/06 18:00,3.513,3.513,0
2025/09/06 19:00,3.5,3.5,0
2025/09/06 20:00,3.5,3.5,0
2025/09/06 21:00,3.467,3.467,0
2025/09/06 22:00,3.469,3.469,0
2025/09/06 23:00,3.468,3.468,0
2025/09/07 00:00,3.5,3.5,0
2025/09/07 01:00,4.169,4.169,0
2025/09/07 02:00,4.1,4.1,0
2025/09/07 03:00,4.844,4.844,0
2025/09/07 04:00,5.112,5.112,0
2025/09/07 05:00,6.093,6.093,0
2025/09/07 06:00,7.0,7.0,0
2025/09/07 07:00,7.667,7.667,0
2025/09/07 08:00,8.256,8.256,0
2025/09/07 09:00,7.547,7.547,0
2025/09/07 10:00,7.54,7.54,0
2025/09/07 11:00,7.279,7.279,0
2025/09/07 12:00,7.3,7.3,0
2025/09/07 13:00,7.252,7.252,0
2025/09/07 14:00,7.3,7.3,0
2025/09/07 15:00,7.219,7.219,0
2025/09/07 16:00,7.2,7.2,0
2025/09/07 17:00,6.569,6.569,0
2025/09/07 18:00,6.5,6.5,0
2025/09/07 19:00,6.662,6.662,0
2025/09/07 20:00,6.275,6.275,0
2025/09/07 21:00,6.576,6.576,0
2025/09/07 22:00,6.4,6.4,0
2025/09/08 00:00,7.0,7.0,0
2025/09/08 01:00,7.806,7.806,0
2025/09/08 02:00,9.82,9.82,0
2025/09/08 03:00,10.2,10.2,0
2025/09/08 04:00,10.96,10.96,0
2025/09/08 05:00,11.45,11.45,0
2025/09/08 06:00,11.45,11.45,0
2025/09/08 07:00,11.2,11.2,0
2025/09/08 08:00,10.667,10.667,0
2025/09/08 09:00,10.933,10.933,0
2025/09/08 10:00,11.0,11.0,0
2025/09/08 11:00,11.75,11.75,0
2025/09/08 12:00,11.681,11.681,0
2025/09/08 14:00,11.669,11.669,0
2025/09/08 15:00,11.481,11.481,0
2025/09/08 16:00,11.235,11.235,0
2025/09/08 17:00,11.3,11.3,0
2025/09/08 18:00,11.35,11.35,0
2025/09/08 19:00,11.4,11.4,0
2025/09/08 20:00,11.04,11.04,0
2025/09/08 21:00,11.0,11.0,0
2025/09/08 22:00,11.0,11.0,0
2025/09/08 23:00,11.0,11.0,0
2025/09/09 00:00,7.325,7.325,0
2025/09/09 01:00,6.26,6.26,0
2025/09/09 02:00,6.2,6.2,0
2025/09/09 03:00,5.7,5.7,0
2025/09/09 04:00,5.7,5.7,0
2025/09/09 05:00,5.293,5.293,0
2025/09/09 06:00,5.007,5.007,0
2025/09/09 07:00,5.0,5.0,0
2025/09/09 08:00,5.0,5.0,0
2025/09/09 09:00,4.207,4.207,0
2025/09/09 10:00,4.131,4.131,0
2025/09/09 11:00,4.1,4.1,0
2025/09/09 12:00,3.72,3.72,0
2025/09/09 13:00,30.306,3.788,1
2025/09/09 14:00,30.3,3.788,1
2025/09/09 15:00,43.685,3.788,1
2025/09/09 16:00,54.8,3.788,1
2025/09/09 17:00,54.8,3.788,1
2025/09/09 18:00,54.8,3.788,1
2025/09/09 19:00,54.8,3.788,1
2025/09/09 20:00,54.8,3.788,1
2025/09/09 21:00,54.8,3.788,1
2025/09/09 22:00,54.8,3.788,1
2025/09/09 23:00,54.8,3.788,1
2025/09/10 00:00,54.8,3.788,1
2025/09/10 02:00,54.8,3.788,1
2025/09/10 03:00,54.8,3.788,1
2025/09/10 04:00,54.8,3.788,1
2025/09/10 05:00,54.8,3.788,1
2025/09/10 06:00,54.8,3.788,1
2025/09/10 07:00,54.8,3.788,1
2025/09/10 08:00,5.313,5.313,0
2025/09/10 09:00,5.006,5.006,0
2025/09/10 10:00,4.594,4.594,0
2025/09/10 11:00,4.227,4.227,0
2025/09/10 12:00,3.988,3.988,0
2025/09/10 13:00,4.0,4.0,0
2025/09/10 14:00,54.8,4.003,1
2025/09/10 15:00,54.8,4.003,1
2025/09/10 16:00,54.8,4.003,1
2025/09/10 17:00,54.8,4.003,1
2025/09/10 18:00,54.8,4.003,1
2025/09/10 19:00,54.8,4.003,1
2025/09/10 20:00,54.8,4.003,1
2025/09/10 21:00,54.8,4.003,1
2025/09/10 22:00,54.8,4.003,1
2025/09/10 23:00,54.8,4.003,1
2025/09/11 00:00,54.8,4.003,1
2025/09/11 01:00,54.8,4.003,1
2025/09/11 02:00,54.8,4.003,1
2025/09/11 03:00,54.8,4.003,1
2025/09/11 04:00,54.8,4.003,1
2025/09/11 05:00,54.8,4.003,1
2025/09/11 06:00,31.613,4.003,1
2025/09/11 07:00,31.882,4.003,1
2025/09/11 08:00,32.186,4.003,1
2025/09/11 09:00,32.3,4.003,1
2025/09/11 10:00,32.15,4.003,1
2025/09/11 11:00,32.0,4.003,1
2025/09/11 12:00,31.956,4.003,1
2025/09/11 14:00,31.956,4.003,1
2025/09/11 15:00,31.993,4.003,1
2025/09/11 16:00,31.962,4.003,1
2025/09/11 17:00,32.025,4.003,1
2025/09/11 18:00,32.0,4.003,1
2025/09/11 19:00,32.0,4.003,1
2025/09/11 20:00,32.0,4.003,1
2025/09/11 21:00,32.0,4.003,1
2025/09/11 22:00,4.02,4.02,0
2025/09/11 23:00,4.0,4.0,0
2025/09/12 00:00,7.667,3.938,1
2025/09/12 01:00,32.013,3.556,1
2025/09/12 02:00,32.0,3.556,1
2025/09/12 03:00,31.593,3.556,1
2025/09/12 04:00,31.325,3.556,1
2025/09/12 05:00,31.427,3.556,1
2025/09/12 06:00,1.238,1.238,0
2025/09/12 07:00,1.1,1.1,0
2025/09/12 08:00,0.647,0.647,0
2025/09/12 09:00,1.125,1.125,0
2025/09/12 10:00,0.713,0.713,0
2025/09/12 11:00,1.043,1.043,0
2025/09/12 12:00,1.181,1.181,0
2025/09/12 13:00,1.1,1.1,0
2025/09/12 14:00,1.0,1.0,0
2025/09/12 15:00,1.0,1.0,0
2025/09/12 16:00,0.94,0.94,0
2025/09/12 17:00,1.532,1.532,0
2025/09/12 18:00,1.2,1.2,0
2025/09/12 19:00,1.225,1.225,0
2025/09/12 20:00,1.3,1.3,0
2025/09/12 21:00,1.3,1.3,0
2025/09/12 22:00,1.3,1.3,0
2025/09/12 23:00,1.067,1.067,0
2025/09/13 00:00,1.0,1.0,0
2025/09/13 01:00,1.007,1.007,0
2025/09/13 02:00,1.0,1.0,0
2025/09/13 03:00,1.133,1.133,0
2025/09/13 04:00,0.85,0.85,0
2025/09/13 05:00,0.8,0.8,0
2025/09/13 06:00,0.85,0.85,0
2025/09/13 07:00,0.938,0.938,0
2025/09/13 08:00,0.7,0.7,0
2025/09/13 09:00,1.127,1.127,0
2025/09/13 10:00,0.9,0.9,0
2025/09/13 11:00,1.34,1.34,0
2025/09/13 12:00,1.294,1.294,0
2025/09/13 13:00,1.1,1.1,0
2025/09/13 14:00,1.1,1.1,0
2025/09/13 15:00,1.031,1.031,0
2025/09/13 16:00,1.593,1.593,0
2025/09/13 17:00,1.4,1.4,0
2025/09/13 18:00,1.06,1.06,0
2025/09/13 19:00,1.225,1.225,0
2025/09/13 20:00,1.165,1.165,0
2025/09/13 21:00,0.777,0.777,0
2025/09/13 22:00,1.119,1.119,0
2025/09/13 23:00,0.907,0.907,0
